,name,github_id,category,labels,pypi_id,github_url,homepage,license,created_at,updated_at,last_commit_pushed_at,commit_count,recent_commit_count,fork_count,watchers_count,pr_count,open_issue_count,closed_issue_count,star_count,latest_stable_release_published_at,latest_stable_release_number,github_release_downloads,monthly_downloads,release_count,description,dependent_project_count,github_dependent_project_count,contributor_count,projectrank,pypi_url,pypi_latest_release_published_at,pypi_dependent_project_count,pypi_monthly_downloads,show,projectrank_placing,cargo_id,cargo_url,cargo_latest_release_published_at,cargo_dependent_project_count,cargo_monthly_downloads,cargo_total_downloads,trending,npm_id,npm_url,npm_latest_release_published_at,npm_dependent_project_count,npm_monthly_downloads,greasy_fork_id,greasy_fork_url,greasy_fork_code_url,greasy_fork_total_installs,greasy_fork_fan_score,new_addition,go_id,go_url,go_latest_release_published_at,go_dependent_project_count,maven_id,maven_url,maven_latest_release_published_at,gitlab_id,gitlab_url,codeberg_id,codeberg_url,updated_github_id
0,RenderCV,rendercv/rendercv,misc,['runnable'],rendercv,https://github.com/rendercv/rendercv,https://docs.rendercv.com,MIT,2023-06-11 13:58:25,2025-11-21 12:51:07.000,2025-11-18 16:35:20,1747.0,42.0,325.0,7.0,226.0,50.0,197.0,3205.0,2025-10-28 21:39:11.000,2.3,248.0,7082.0,33.0,Version-control CVs/resumes as source code.,164.0,162.0,40.0,27,https://pypi.org/project/rendercv,2025-10-28 15:45:09,2.0,7073.0,True,1.0,,,,,,,,,,,,,,,,,,,,,,,,,,,,,,
1,Typlite,Myriad-Dreamin/tinymist,convert,['cli'],,https://github.com/Myriad-Dreamin/tinymist,https://crates.io/crates/typlite,Apache-2.0,2024-03-06 21:30:21,2025-11-19 19:29:35.000,2025-11-19 19:29:31,1666.0,105.0,101.0,4.0,1681.0,132.0,487.0,2438.0,2025-11-02 09:06:33.000,0.14.0,29721.0,8348.0,51.0,"Converts a subset of typst to markdown, LaTeX, and Word.",3.0,,73.0,27,,,,,True,1.0,typlite,https://crates.io/crates/typlite,2025-11-17 18:57:08.555,3.0,2404.0,20593.0,1.0,,,,,,,,,,,,,,,,,,,,,,,
2,tinymist,Myriad-Dreamin/tinymist,writing,"['extension', 'cli', 'api']",,https://github.com/Myriad-Dreamin/tinymist,https://myriad-dreamin.github.io/tinymist,Apache-2.0,2024-03-06 21:30:21,2025-11-19 19:29:35.000,2025-11-19 19:29:31,1666.0,105.0,101.0,4.0,1681.0,132.0,487.0,2438.0,2025-11-02 09:06:33.000,0.14.0,29719.0,7701.666666666667,50.0,Tinymist [Ààta…™ni m…™st] is an integrated language service for Typst [ta…™pst].,3.0,,73.0,26,,,,,True,1.0,tinymist-query,https://crates.io/crates/tinymist-query,2025-11-17 18:57:31.191,3.0,1758.6666666666667,10966.0,,,,,,,,,,,,,,,,,,,,,,,,
3,typst.ts,Myriad-Dreamin/typst.ts,coding,"['api', 'cli', 'extension']",,https://github.com/Myriad-Dreamin/typst.ts,https://myriad-dreamin.github.io/typst.ts,Apache-2.0,2023-04-09 05:03:25,2025-11-09 00:16:24.000,2025-11-09 00:16:24,1386.0,31.0,51.0,2.0,646.0,31.0,94.0,836.0,2025-04-30 11:13:59.000,0.6.0,3554.0,10757.0,71.0,Run Typst in JavaScriptWorld.,36.0,2.0,21.0,23,,,,,True,1.0,typst-ts-core,https://crates.io/crates/typst-ts-core,2024-07-15 21:33:04.328,14.0,634.0,22566.0,,@myriaddreamin/typst.ts,https://www.npmjs.com/package/@myriaddreamin/typst.ts,2025-11-08 20:39:20.401,20.0,10009.0,,,,,,,,,,,,,,,,,,
4,TexText,textext/textext,mix,['extension'],,https://github.com/textext/textext,https://textext.github.io/textext/,BSD-3-Clause,2018-01-19 09:22:15,2025-10-27 14:42:56.000,2025-07-17 11:10:52,1291.0,,45.0,12.0,175.0,21.0,279.0,1021.0,2025-07-17 11:35:42.000,1.12.0,171710.0,1826.0,42.0,Re-editable LaTeX/ typst graphics for Inkscape.,,,22.0,22,,,,,True,1.0,,,,,,,,,,,,,,,,,,,,,,,,,,,,,,
5,typstyle,typstyle-rs/typstyle,writing,"['cli', 'extension', 'web', 'api']",,https://github.com/typstyle-rs/typstyle,https://typstyle-rs.github.io/typstyle/,Apache-2.0,2024-03-09 04:46:08,2025-10-12 05:36:00.000,2025-10-29 14:47:17,531.0,14.0,25.0,2.0,310.0,21.0,112.0,692.0,2025-10-29 14:54:06.000,0.14.0,59505.0,7159.666666666666,50.0,Beautiful and reliable typst code formatter.,7.0,3.0,21.0,22,,,,,True,1.0,typstyle-core,https://crates.io/crates/typstyle-core,2025-10-29 14:48:51.536,4.0,3397.6666666666665,36944.0,,@typstyle/typstyle-wasm-bundler,https://www.npmjs.com/package/@typstyle/typstyle-wasm-bundler,2025-10-29 14:10:30.946,,457.0,542164.0,https://greasyfork.org/scripts/542164,https://update.greasyfork.org/scripts/542164/typstyle-tampermonkey.user.js,4.0,20.7,,,,,,,,,,,,,
6,typst-py,messense/typst-py,coding,['api'],typst,https://github.com/messense/typst-py,https://github.com/messense/typst-py,Apache-2.0,2023-04-02 15:20:04,2025-11-03 03:23:31.000,2025-11-03 03:23:29,165.0,19.0,20.0,7.0,101.0,5.0,31.0,252.0,2025-10-30 11:13:49.000,0.14.1,,55487.0,32.0,Python binding to typst.,27.0,,15.0,22,https://pypi.org/project/typst,2025-10-30 11:13:49,27.0,55487.0,True,1.0,,,,,,,,,,,,,,,,,,,,,,,,,,,,,,
7,typst-lsp,nvarner/typst-lsp,writing,"['extension', 'cli']",,https://github.com/nvarner/typst-lsp,https://github.com/nvarner/typst-lsp,MIT,2023-03-22 08:26:41,2024-11-05 06:22:11.000,2024-11-05 06:22:11,456.0,,78.0,5.0,307.0,101.0,105.0,1196.0,2024-03-16 00:59:54.000,0.13.0,31707.0,1063.0,27.0,"[Deprecated] An early language server for Typst, plus a VS Code extension.",25.0,25.0,33.0,20,,,,,False,1.0,typst-lsp,https://crates.io/crates/typst-lsp,2023-03-29 04:54:20.986,,73.0,2229.0,,,,,,,,,,,,,,,,,,,,,,,,
8,typst-as-lib,Relacibo/typst-as-lib,coding,['api'],,https://github.com/Relacibo/typst-as-lib,https://crates.io/crates/typst-as-lib,MIT,2024-07-13 01:10:02,2025-11-16 13:30:26.000,2025-11-16 13:30:19,229.0,20.0,11.0,1.0,15.0,4.0,9.0,74.0,2025-10-25 13:43:01.688,0.15.0,,16825.666666666668,38.0,Easily use typst from rust.,27.0,21.0,5.0,19,,,,,True,1.0,typst-as-lib,https://crates.io/crates/typst-as-lib,2025-10-25 13:43:01.688,6.0,16825.666666666668,93323.0,,,,,,,,,,,,,,,,,,,,,,,,
9,Shiro A,Myriad-Dreamin/shiroa,convert,['cli'],,https://github.com/Myriad-Dreamin/shiroa,https://myriad-dreamin.github.io/shiroa/,Apache-2.0,2023-05-06 10:19:14,2025-11-08 19:50:59.000,2025-11-08 19:50:59,304.0,33.0,26.0,6.0,167.0,17.0,38.0,563.0,2025-03-06 11:22:36.000,0.3.0,28372.0,1050.0,14.0,shiroa is a simple tool for creating modern online books in pure typst.,,,14.0,18,,,,,True,1.0,,,,,,,,,,,,,,,,,,,,,,,,,,,,,,
10,quiver,varkor/quiver,mix,['web'],,https://github.com/varkor/quiver,https://q.uiver.app,MIT,2018-12-28 00:44:28,2025-10-06 18:37:54.000,2025-10-06 18:37:16,487.0,13.0,106.0,28.0,21.0,59.0,202.0,3388.0,,,,,,A modern commutative diagram editor for the web.,,,8.0,17,,,,,True,1.0,,,,,,,,,,,,,,,,,,,,,,,,,,,,,,
11,Typst Preview VSCode,Enter-tainer/typst-preview,writing,['extension'],,https://github.com/Enter-tainer/typst-preview,https://Enter-tainer.github.io/typst-preview/,MIT,2023-04-09 14:43:43,2024-07-07 12:31:45.000,2024-07-07 12:20:48,389.0,,21.0,2.0,155.0,30.0,122.0,443.0,2024-07-07 12:49:57.000,0.11.14,12976.0,728.6666666666667,50.0,[DEPRECATED] Use tinymist instead.,31.0,31.0,17.0,17,,,,,False,1.0,typst-preview,https://crates.io/crates/typst-preview,2024-06-09 08:44:32.127,,310.6666666666667,10848.0,,,,,,,,,,,,,,,,,,,,,,,,
12,typstfmt,astrale-sharp/typstfmt,writing,"['cli', 'extension', 'api']",,https://github.com/astrale-sharp/typstfmt,https://github.com/astrale-sharp/typstfmt,Apache-2.0,2023-03-25 14:09:04,2024-06-08 08:38:55.000,2024-06-08 08:35:40,340.0,,27.0,2.0,52.0,30.0,85.0,248.0,2024-06-08 08:38:56.000,0.2.10,5952.0,360.33333333333337,10.0,A soon to be formatter for the typst lang.,3.0,3.0,21.0,17,,,,,False,1.0,typstfmt,https://crates.io/crates/typstfmt,2023-07-15 13:40:48.601,,140.33333333333334,2207.0,,,,,,,,,,,,,,,,,,,,,,,,
13,TyX,tyx-editor/TyX,writing,['app'],,https://github.com/tyx-editor/TyX,https://tyx-editor.com,MIT,2024-10-02 21:05:31,2025-11-16 21:21:24.000,2025-11-16 21:21:24,224.0,55.0,2.0,3.0,14.0,22.0,36.0,133.0,2025-11-11 22:09:42.000,0.2.15,3446.0,265.0,31.0,A LyX-like experience rewritten for Typst and the modern era.,,,3.0,17,,,,,True,1.0,,,,,,,,,,,,,,,,,,,,,,,,,,,,,,
14,Tytanic,typst-community/tytanic,pkg,['cli'],,https://github.com/typst-community/tytanic,https://typst-community.github.io/tytanic/,Apache-2.0,2024-01-01 19:18:51,2025-11-10 09:55:47.000,2025-11-10 09:55:47,399.0,23.0,12.0,1.0,119.0,24.0,92.0,85.0,2025-11-04 19:30:52.000,0.3.1,4262.0,1146.0,13.0,A test runner for typst projects.,,,10.0,17,,,,,True,1.0,tytanic,https://crates.io/crates/tytanic,2025-11-04 19:29:31.420,,720.0,9267.0,,,,,,,,,,,,,,,,,,,,,,,,
15,qwinsi/tex2typst,qwinsi/tex2typst,math,"['web', 'api']",,https://github.com/qwinsi/tex2typst,https://qwinsi.github.io/tex2typst-webapp/,Apache-2.0,2024-07-15 00:08:06,2025-11-12 07:07:00.000,2025-11-12 07:07:00,384.0,158.0,6.0,2.0,10.0,5.0,18.0,67.0,2025-11-12 05:42:27.000,0.4.1,,820.0,73.0,JavaScript library for conversion between TeX/LaTeX and Typst math code.,8.0,7.0,6.0,17,,,,,True,1.0,,,,,,,,tex2typst,https://www.npmjs.com/package/tex2typst,2025-11-12 05:38:21.907,1.0,820.0,,,,,,,,,,,,,,,,,,
16,obsidian-typst-mate,azyarashi/obsidian-typst-mate,mix,['extension'],,https://github.com/azyarashi/obsidian-typst-mate,https://github.com/azyarashi/obsidian-typst-mate,Apache-2.0,2025-08-24 12:23:18,2025-11-20 03:57:30.000,2025-11-20 03:57:27,284.0,284.0,5.0,3.0,1.0,2.0,11.0,62.0,2025-10-31 12:40:44.000,2.2.1,4783.0,1594.0,31.0,Render math expressions with Typst instead of MathJax in Obsidian.,,,2.0,17,,,,,True,1.0,,,,,,,,,,,,,,,,,,,,,,,,,,,,,,
17,TeXlyre,TeXlyre/texlyre,writing,"['runnable', 'web']",,https://github.com/TeXlyre/texlyre,https://texlyre.github.io,AGPL-3.0,2025-07-06 19:49:26,2025-11-20 22:50:17.000,2025-11-20 22:50:13,548.0,368.0,22.0,4.0,69.0,6.0,22.0,491.0,2025-11-18 18:32:05.000,0.4.0,,,2.0,A local-first LaTeX & Typst web editor with real-time collaboration & offline support.,,,2.0,16,,,,,True,2.0,,,,,,,4.0,,,,,,,,,,,,,,,,,,,,,,,
18,BeauTyXT,soupslurpr/BeauTyXT,writing,['app'],,https://github.com/soupslurpr/BeauTyXT,https://beautyxt.app,ISC,2023-05-30 01:52:50,2025-09-11 08:25:36.000,2025-09-11 08:14:51,578.0,34.0,9.0,4.0,81.0,47.0,48.0,182.0,2025-09-11 08:41:45.000,57,3891.0,134.0,50.0,"A beautiful, private, secure, and minimalistic Text, Markdown, and Typst editor.",,,5.0,16,,,,,True,2.0,,,,,,,,,,,,,,,,,,,,,,,,,,,,,,
19,astro-typst,OverflowCat/astro-typst,mix,['api'],,https://github.com/OverflowCat/astro-typst,https://typst.overflow.cat,Apache-2.0,2024-08-01 09:45:50,2025-09-06 07:23:42.891,2025-09-06 07:22:33,77.0,4.0,6.0,3.0,7.0,14.0,14.0,130.0,2025-09-06 07:23:42.891,0.12.1,,309.0,39.0,All-in-one Typst integration for Astro.,38.0,38.0,4.0,16,,,,,True,2.0,,,,,,,,astro-typst,https://www.npmjs.com/package/astro-typst,2025-09-06 07:23:42.891,,309.0,,,,,,,,,,,,,,,,,,
20,chomosuke/typst-preview.nvim,chomosuke/typst-preview.nvim,writing,['extension'],,https://github.com/chomosuke/typst-preview.nvim,https://github.com/chomosuke/typst-preview.nvim,GPL-3.0,2023-11-01 08:15:49,2025-10-29 11:18:08.000,2025-10-29 11:18:02,108.0,4.0,31.0,3.0,43.0,9.0,58.0,675.0,2025-10-25 22:25:19.000,1.3.4,,,24.0,Low latency typst preview for Neovim.,,,21.0,15,,,,,True,2.0,,,,,,,,,,,,,,,,,,,,,,,,,,,,,,
21,obsidian-typst,fenjalien/obsidian-typst,mix,['extension'],,https://github.com/fenjalien/obsidian-typst,https://github.com/fenjalien/obsidian-typst,Apache-2.0,2023-03-24 13:25:23,2024-11-03 17:46:56.000,2024-11-03 17:46:53,65.0,,25.0,10.0,17.0,28.0,31.0,479.0,2024-03-19 01:31:23.000,0.10.0,35015.0,1094.0,15.0,Renders typst code blocks in Obsidian into images using Typst through the power of WASM!.,,,6.0,15,,,,,False,2.0,,,,,,,,,,,,,,,,,,,,,,,,,,,,,,
22,Typst Êó•Êú¨Ë™û„Éâ„Ç≠„É•„É°„É≥„Éà,typst-jp/docs,docs,"['web', 'non-english']",,https://github.com/typst-jp/docs,https://typst-jp.github.io/docs/,Apache-2.0,2024-06-11 09:14:58,2025-11-12 11:01:28.000,2025-11-12 11:01:26,4030.0,49.0,14.0,1.0,259.0,10.0,56.0,55.0,,,,,,Typst„Éâ„Ç≠„É•„É°„É≥„Éà Êó•Êú¨Ë™ûÁâà (Unofficial).,,,343.0,15,,,,,True,1.0,,,,,,,,,,,,,,,,,,,,,,,,,,,,,,
23,continuous-foundation/tex-to-typst,continuous-foundation/tex-to-typst,math,['api'],,https://github.com/continuous-foundation/tex-to-typst,https://github.com/continuous-foundation/tex-to-typst,MIT,2023-07-10 19:14:19,2025-11-09 13:05:30.395,2025-11-09 13:05:09,56.0,8.0,2.0,2.0,25.0,6.0,4.0,32.0,2025-11-09 13:05:30.395,0.0.19,,2028.0,20.0,Translate LaTeX or TeX math markup to typst.,31.0,27.0,3.0,15,,,,,True,1.0,,,,,,,,tex-to-typst,https://www.npmjs.com/package/tex-to-typst,2025-11-09 13:05:30.395,4.0,2028.0,,,,,,,,,,,,,,,,,,
24,typst.js,typst-community/typst.js,coding,['api'],,https://github.com/typst-community/typst.js,https://typst.community/typst.js,Apache-2.0,2023-12-13 16:33:41,2024-04-03 18:27:14.000,2024-02-09 01:21:33,61.0,,6.0,4.0,7.0,4.0,5.0,29.0,2023-12-13 22:45:13.000,0.10.0-5,,1496.0,8.0,üì¶ Typst for JavaScript.,15.0,13.0,4.0,15,,,,,False,1.0,,,,,,,,typst,https://www.npmjs.com/package/typst,2023-12-18 21:51:49.295,2.0,1496.0,,,,,,,,,,,,,,,,,,
25,Scientific Diagrams,janosh/diagrams,docs,['web'],,https://github.com/janosh/diagrams,https://janosh.github.io/diagrams,MIT,2020-08-09 11:07:39,2025-11-09 23:29:27.000,2025-11-09 23:29:26,277.0,6.0,53.0,7.0,49.0,,5.0,383.0,2025-01-25 18:34:43.000,0.2.0,,,2.0,Diagrams of concepts in physics/chemistry/ML.,,,10.0,14,,,,,True,1.0,,,,,,,-1.0,,,,,,,,,,,,,,,,,,,,,,,
26,typst.vim,kaarmu/typst.vim,writing,['extension'],,https://github.com/kaarmu/typst.vim,https://github.com/kaarmu/typst.vim,MIT,2023-03-24 11:58:01,2025-10-30 19:33:25.000,2025-10-30 19:33:25,171.0,3.0,34.0,3.0,44.0,15.0,71.0,356.0,,,,,,Vim plugin for Typst.,,,29.0,14,,,,,True,2.0,,,,,,,,,,,,,,,,,,,,,,,,,,,,,,
27,Typix,loqusion/typix,coding,['runnable'],,https://github.com/loqusion/typix,https://loqusion.github.io/typix/,MIT,2023-12-24 03:37:43,2025-11-07 08:48:01.000,2025-11-07 08:48:00,431.0,7.0,13.0,3.0,62.0,3.0,10.0,269.0,2025-06-27 08:35:45.000,0.3.2,,,13.0,Deterministic Typst compilation with Nix.,,,7.0,14,,,,,True,2.0,,,,,,,-1.0,,,,,,,,,,,,,,,,,,,,,,,
28,The Raindrop-Blue Book (Typst‰∏≠ÊñáÊïôÁ®ã),typst-doc-cn/tutorial,docs,"['web', 'non-english']",,https://github.com/typst-doc-cn/tutorial,https://typst-doc-cn.github.io/tutorial/,Apache-2.0,2024-01-26 16:30:29,2025-10-14 08:51:34.000,2025-10-14 08:51:25,176.0,13.0,26.0,1.0,29.0,7.0,3.0,188.0,2024-02-29 14:30:40.000,0.1.0,923.0,43.0,1.0,Typst‰∏≠ÊñáÊïôÁ®ã.,,,9.0,14,,,,,True,1.0,,,,,,,,,,,,,,,,,,,,,,,,,,,,,,
29,Kodama,kokic/kodama,convert,"['cli', 'non-english']",,https://github.com/kokic/kodama,https://kodama-community.github.io,GPL-3.0,2024-12-25 16:12:04,2025-11-11 18:07:27.000,2025-11-11 18:07:27,106.0,75.0,9.0,3.0,53.0,7.0,26.0,145.0,2025-10-24 00:12:58.000,0.3.3-patch,93.0,9.0,22.0,A Typst-friendly static Zettelk√§sten site generator.,,,4.0,14,,,,,True,1.0,,,,,,,,,,,,,,,,,,,,,,,,,,,,,,
30,Typstry.jl,jakobjpeters/Typstry.jl,coding,['api'],,https://github.com/jakobjpeters/Typstry.jl,https://jakobjpeters.github.io/Typstry.jl/,MIT,2023-07-29 13:48:31,2025-11-20 06:17:33.000,2025-11-20 06:14:49,434.0,29.0,6.0,3.0,11.0,1.0,12.0,87.0,2025-09-04 04:03:56.000,0.6.2,,,8.0,The Julia to Typst Interface.,,,6.0,14,,,,,True,2.0,,,,,,,,,,,,,,,,,,,,,,,,,,,,,,
31,typst-package-check,typst/package-check,pkg,['runnable'],,https://github.com/typst/package-check,https://github.com/typst/package-check,Apache-2.0,2024-04-29 12:43:01,2025-11-14 08:09:48.000,2025-11-14 08:09:47,169.0,20.0,6.0,2.0,7.0,11.0,22.0,18.0,2025-10-27 14:11:17.000,0.4.1,,,5.0,A tool to check Typst packages.,5.0,5.0,5.0,14,,,,,True,1.0,,,,,,,,,,,,,,,,,,,,,,,,,,,,,,
32,Katvan,IgKh/katvan,writing,['app'],,https://github.com/IgKh/katvan,https://katvan.app,GPL-3.0,2024-01-18 06:12:28,2025-11-10 22:06:01.000,2025-11-10 22:05:43,334.0,27.0,7.0,6.0,1.0,7.0,19.0,116.0,2025-10-11 12:16:19.000,0.11.1,2294.0,104.0,14.0,"A bare-bones editor for Typst files, with a bias for Right-to-Left editing.",,,1.0,13,,,,,True,2.0,,,,,,,,,,,,,,,,,,,,,,,,,,,,,,
33,wasm-minimal-protocol,astrale-sharp/wasm-minimal-protocol,pkg,['api'],,https://github.com/astrale-sharp/wasm-minimal-protocol,https://github.com/astrale-sharp/wasm-minimal-protocol,Unlicense,2023-06-18 13:03:58,2025-11-02 11:44:29.000,2025-11-02 11:44:11,144.0,6.0,13.0,2.0,30.0,2.0,12.0,75.0,2025-03-27 21:38:36.000,wasi-stub-0.2.0,31.0,472.6666666666667,1.0,Typst plugin helper macro library.,59.0,59.0,10.0,13,,,,,True,2.0,wasm-minimal-protocol,https://crates.io/crates/wasm-minimal-protocol,2024-10-08 15:50:36.530,,469.6666666666667,4420.0,,,,,,,,,,,,,,,,,,,,,,,,
34,mnemo,lemueldls/mnemo,misc,,,https://github.com/lemueldls/mnemo,https://mnemo.world,AGPL-3.0,2024-07-09 21:12:17,2025-11-19 23:56:15.000,2025-11-19 23:56:10,955.0,371.0,1.0,2.0,111.0,,3.0,44.0,2025-11-18 19:13:47.000,mnemo-v0.2.4,414.0,138.0,12.0,"A local-first, cross-platform note-taking app leveraging the Typst ecosystem. Designed to minimize distractions and..",,,3.0,13,,,,,True,1.0,,,,,,,,,,,,,,,,,,,,,,,,,,,,,,
35,Tanim,liquidhelium/tanim,misc,['runnable'],,https://github.com/liquidhelium/tanim,https://github.com/liquidhelium/tanim,Apache-2.0,2025-09-27 16:22:21,2025-10-16 04:27:22.000,2025-10-16 04:27:17,42.0,42.0,,,,1.0,,26.0,2025-09-27 17:11:09.477,0.13.1,,174.66666666666666,2.0,Make your animation in typst.,,,,13,,,,,True,1.0,tanim-cli,https://crates.io/crates/tanim-cli,2025-09-28 14:49:57.792,,174.66666666666666,524.0,,,,,,,,,,,,,,,,,,,,,,,,
36,Typst ‰∏≠ÊñáÁ§æÂå∫ÂØºËà™,typst-doc-cn/guide,docs,"['web', 'non-english']",,https://github.com/typst-doc-cn/guide,https://typst-doc-cn.github.io/guide/,MIT,2024-07-15 10:36:45,2025-11-20 13:00:45.000,2025-11-20 13:00:45,269.0,17.0,24.0,1.0,88.0,4.0,12.0,23.0,,,573.0,35.0,1.0,Typst ‰∏≠ÊñáÁ§æÂå∫ÂØºËà™‚Äî‚ÄîËøôÈáåÊî∂ÈõÜ‰∫Ü‰∏Ä‰∫õÂÆòÊñπÊñáÊ°£ÂíåÂ∞èËìù‰π¶‰∏≠Êú™ÊèêÂà∞ÁöÑ‰∏Ä‰∫õÈóÆÈ¢òÂíåÂ∞èÊäÄÂ∑ßÔºåÂ∞§ÂÖ∂ÊòØÈù¢Âêë‰∏≠ÊñáÁî®Êà∑ÁöÑ„ÄÇ.,,,23.0,13,,,,,True,2.0,,,,,,,2.0,,,,,,,,,,,,,,,,,,,,,,,
37,typ2docx,sghng/typ2docx,convert,['runnable'],typ2docx,https://github.com/sghng/typ2docx,https://github.com/sghng/typ2docx,MIT,2025-10-30 02:12:33,2025-11-21 06:05:42.000,2025-11-21 06:03:57,60.0,60.0,1.0,,8.0,8.0,6.0,16.0,2025-11-21 06:05:42.000,0.5.1,,383.0,6.0,A bespoke (and esoteric) but effective solution for converting Typst project to DOCX.,,,,13,https://pypi.org/project/typ2docx,2025-11-20 17:58:36,,383.0,True,2.0,,,,,,,,,,,,,,,,,,,,,,,,,,,,,,
38,Django Typst,a-musing-moose/django-typst-engine,coding,['extension'],django_typst,https://github.com/a-musing-moose/django-typst-engine,https://github.com/a-musing-moose/django-typst-engine,BSD-3-Clause,2025-08-20 06:40:25,2025-11-18 22:37:15.000,2025-11-18 22:37:12,46.0,44.0,1.0,,46.0,,3.0,9.0,2025-11-06 01:56:56.000,0.1.4,,462.0,5.0,A Django template engine that uses Typst to render Portable Document Format (PDF) files.,,,3.0,13,https://pypi.org/project/django_typst,2025-11-06 01:56:56,,462.0,True,2.0,,,,,,,,,,,,,,,,,,,,,,,,,,,,,,
39,typstudio,Cubxity/typstudio,writing,['app'],,https://github.com/Cubxity/typstudio,https://github.com/Cubxity/typstudio,GPL-3.0,2023-04-11 18:45:10,2025-04-11 20:05:41.000,2025-04-11 20:05:41,84.0,,23.0,14.0,12.0,14.0,17.0,704.0,,,4635.0,149.0,28.0,"A W.I.P desktop application for a new typesetting language, typst.",,,5.0,12,,,,,True,2.0,,,,,,,,,,,,,,,,,,,,,,,,,,,,,,
40,MiTeX,mitex-rs/mitex,math,"['runnable', 'web', 'typst-package']",,https://github.com/mitex-rs/mitex,https://mitex-rs.github.io/mitex/tools/underleaf.html,Apache-2.0,2023-12-15 12:40:54,2025-11-11 02:48:39.000,2025-11-11 02:48:39,172.0,4.0,18.0,3.0,131.0,33.0,41.0,466.0,,,,,,"LaTeX support for Typst, powered by Rust and WASM. https://mitex-rs.github.io/mitex/.",,,12.0,12,,,,,True,2.0,,,,,,,,,,,,,,,,,,,,,,,,,,,,,,
41,Typst Examples Book,sitandr/typst-examples-book,docs,['web'],,https://github.com/sitandr/typst-examples-book,https://sitandr.github.io/typst-examples-book/book,MIT,2023-11-03 21:56:37,2025-10-19 14:28:59.000,2025-10-19 14:28:54,148.0,4.0,31.0,7.0,28.0,2.0,11.0,405.0,,,,,,Book of educational examples for Typst.,,,25.0,12,,,,,True,2.0,,,,,,,,,,,,,,,,,,,,,,,,,,,,,,
42,uben0/tree-sitter-typst,uben0/tree-sitter-typst,writing,['extension'],,https://github.com/uben0/tree-sitter-typst,https://github.com/uben0/tree-sitter-typst,MIT,2023-08-21 14:01:00,2025-04-02 17:33:06.000,2025-02-10 14:30:20,239.0,,17.0,2.0,7.0,9.0,31.0,163.0,2024-04-09 10:01:37.000,0.11.0,167.0,6.0,8.0,Tree Sitter grammar for Typst.,1.0,1.0,8.0,12,,,,,False,2.0,,,,,,,,,,,,,,,,,,,,,,,,,,,,,,
43,typst-community/setup-typst,typst-community/setup-typst,coding,,,https://github.com/typst-community/setup-typst,https://github.com/marketplace/actions/setup-typst,MIT,2023-04-09 06:22:39,2025-11-16 08:42:07.000,2025-11-15 12:47:34,28.0,1.0,6.0,3.0,34.0,2.0,15.0,153.0,2025-11-15 12:56:57.000,4.3.0,,,13.0,üìë Install Typst and add it to the PATH with package management.,,,6.0,12,,,,,True,2.0,,,,,,,-1.0,,,,,,,,,,,,,,,,,,,,,,,
44,UTPM,typst-community/utpm,pkg,['cli'],,https://github.com/typst-community/utpm,https://github.com/typst-community/utpm,MIT,2023-06-18 11:53:56,2025-11-17 06:55:58.000,2025-10-25 18:08:29,253.0,2.0,11.0,1.0,52.0,7.0,39.0,96.0,2025-08-20 00:02:25.000,0.2.0,57.0,107.66666666666667,1.0,A package manager for local and remote Typst packages.,,,11.0,12,,,,,True,2.0,utpm,https://crates.io/crates/utpm,2025-08-06 09:14:51.036,,88.66666666666667,485.0,-1.0,,,,,,,,,,,,,,,,,,,,,,,
45,Wypst,0xbolt/wypst,math,['api'],,https://github.com/0xbolt/wypst,https://0xpapercut.github.io/wypst/,MIT,2023-12-05 14:06:13,2025-07-04 11:18:48.000,2024-06-16 20:21:18,168.0,,5.0,5.0,5.0,4.0,3.0,85.0,2024-05-03 22:42:26.000,0.0.8,15.0,25.0,8.0,Typst math typesetting for the web.,6.0,6.0,2.0,12,,,,,False,2.0,,,,,,,,wypst,https://www.npmjs.com/package/wypst,2024-05-03 22:28:11.569,,25.0,,,,,,,,,,,,,,,,,,
46,tola,KawaYww/tola-ssg,convert,['runnable'],,https://github.com/KawaYww/tola-ssg,https://crates.io/crates/tola,MIT,2025-06-18 07:36:36,2025-10-30 17:40:52.000,2025-10-30 17:37:25,48.0,4.0,2.0,3.0,3.0,8.0,12.0,48.0,2025-10-30 17:40:52.000,0.5.14,,1235.6666666666667,27.0,‚ö°‚ö°static site generator for typst-based blog - keeping your focus on the content‚ö°‚ö°.,,,1.0,12,,,,,True,2.0,tola,https://crates.io/crates/tola,2025-10-30 15:29:47.284,,1235.6666666666667,10299.0,,,,,,,,,,,,,,,,,,,,,,,,
47,typship,sjfhsjfh/typship,pkg,['cli'],,https://github.com/sjfhsjfh/typship,https://crates.io/crates/typship,MIT,2024-12-26 18:48:53,2025-09-04 23:33:50.000,2025-07-23 06:02:10,93.0,,6.0,1.0,16.0,13.0,5.0,44.0,2025-05-07 07:00:38.000,0.4.2,1298.0,585.6666666666667,8.0,A Typst package CLI tool.,,,4.0,12,,,,,True,2.0,typship,https://crates.io/crates/typship,2025-05-07 06:41:37.797,,441.6666666666667,5794.0,,,,,,,,,,,,,,,,,,,,,,,,
48,Pypst,tilman151/pypst,coding,['api'],pypst,https://github.com/tilman151/pypst,https://krokotsch.eu/pypst/,MIT,2024-08-09 15:48:01,2025-09-25 18:50:05.000,2025-09-25 18:37:27,72.0,3.0,1.0,1.0,23.0,2.0,1.0,42.0,2025-09-25 18:49:34.000,0.7.0,,1230.0,8.0,Declarative Typst in Python with Pandas data frame support.,4.0,3.0,2.0,12,https://pypi.org/project/pypst,2025-09-25 18:49:34,1.0,1230.0,True,2.0,,,,,,,,,,,,,,,,,,,,,,,,,,,,,,
49,crates_io_og_image,rust-lang/crates_io_og_image,misc,['api'],,https://github.com/rust-lang/crates_io_og_image,https://crates.io/crates/crates_io_og_image,Apache-2.0,2025-07-07 08:30:36,2025-10-29 08:56:21.000,2025-10-29 08:56:21,143.0,39.0,2.0,2.0,59.0,1.0,3.0,12.0,2025-09-30 09:46:14.235,0.2.3,,690.6666666666666,8.0,OpenGraph image generation for crates.io packages.,7.0,7.0,5.0,12,,,,,True,2.0,crates_io_og_image,https://crates.io/crates/crates_io_og_image,2025-09-30 09:46:14.235,,690.6666666666666,3536.0,,,,,,,,,,,,,,,,,,,,,,,,
50,pagemaker,sanderboer/typst-pagemaker,convert,['runnable'],typst-pagemaker,https://github.com/sanderboer/typst-pagemaker,https://github.com/sanderboer/typst-pagemaker,MIT,2025-09-26 12:07:13,2025-11-09 17:44:53.000,2025-11-09 17:44:23,97.0,97.0,,,,,1.0,5.0,2025-11-09 17:44:53.000,0.1.19,,225.0,15.0,A grid-based layouting system described in structured text (org-mode) to typst converter.,,,,12,https://pypi.org/project/typst-pagemaker,2025-11-09 17:44:53,,225.0,True,2.0,,,,,,,,,,,,,,,,,,,,,,,,,,,,,,
51,11ty-pst,uwni/11ty-pst,mix,['extension'],,https://github.com/uwni/11ty-pst,https://github.com/uwni/11ty-pst,MIT,2025-09-18 09:55:52,2025-11-08 23:37:16.718,2025-11-08 23:37:02,27.0,27.0,,,,,,4.0,2025-10-29 07:10:19.760,0.2.1,,360.0,14.0,An Eleventy plugin that enables you to write content in Typst format with automatic dual HTML/PDF output generation.,,,,12,,,,,True,2.0,,,,,,,,eleventy-plugin-typst,https://www.npmjs.com/package/eleventy-plugin-typst,2025-11-08 23:37:16.718,,360.0,,,,,,,,,,,,,,,,,,
52,compile-typst-site,wade-cheng/compile-typst-site,convert,['cli'],,https://github.com/wade-cheng/compile-typst-site,https://wade-cheng.com/compile-typst-site/,MIT,2025-11-05 16:58:26,2025-11-20 22:00:24.000,2025-11-20 21:56:15,117.0,117.0,,,12.0,17.0,16.0,2.0,2025-11-18 18:27:58.000,2.0.3,327.0,387.3333333333333,15.0,Command-line program for static site generation using Typst.,,,,12,,,,,True,2.0,compile-typst-site,https://crates.io/crates/compile-typst-site,2025-11-17 08:02:59.444,,60.333333333333336,181.0,,,,,,,,,,,,,,,,,,,,,,,,
53,Detypify,QuarticCat/detypify,math,"['web', 'extension']",,https://github.com/QuarticCat/detypify,https://detypify.quarticcat.com/,MIT,2024-03-20 12:01:23,2025-08-20 15:01:40.000,2025-08-20 15:01:13,90.0,,2.0,1.0,1.0,2.0,3.0,206.0,2024-05-11 17:44:04.106,0.2.4,453.0,548.0,7.0,Typst symbol classifier.,3.0,3.0,1.0,11,,,,,True,2.0,,,,,,,,detypify-service,https://www.npmjs.com/package/detypify-service,2024-05-11 17:44:04.106,,525.0,,,,,,,,,,,,,,,,,,
54,typst-undergradmath,johanvx/typst-undergradmath,docs,,,https://github.com/johanvx/typst-undergradmath,https://github.com/johanvx/typst-undergradmath,CC-BY-SA-4.0,2023-03-23 06:52:05,2025-11-21 12:35:44.000,2025-04-13 07:34:41,78.0,,6.0,2.0,34.0,3.0,12.0,137.0,2025-04-13 07:35:21.000,1.5.1,2084.0,67.0,11.0,A Typst port of undergradmath.,,,8.0,11,,,,,True,2.0,,,,,,,,,,,,,,,,,,,,,,,,,,,,,,
55,typstwriter,Bzero/typstwriter,writing,"['app', 'runnable']",typstwriter,https://github.com/Bzero/typstwriter,https://github.com/Bzero/typstwriter,MIT,2024-04-12 15:40:04,2025-11-02 20:47:38.000,2025-11-02 20:46:45,147.0,4.0,5.0,2.0,48.0,8.0,10.0,128.0,2025-03-11 10:37:45.000,V0.3,,80.0,3.0,An integrated editor for the typst typesetting system.,3.0,3.0,5.0,11,https://pypi.org/project/typstwriter,2025-03-11 10:44:45,,80.0,True,2.0,,,,,,,,,,,,,,,,,,,,,,,,,,,,,,
56,typst-live,ItsEthra/typst-live,writing,['runnable'],,https://github.com/ItsEthra/typst-live,https://github.com/ItsEthra/typst-live,MIT,2023-03-26 14:08:21,2025-10-12 15:51:23.000,2025-10-12 15:51:22,62.0,2.0,10.0,1.0,10.0,3.0,14.0,115.0,2024-04-21 11:12:24.507,0.8.0,,358.0,11.0,Hot reloading for your typst files.,1.0,1.0,7.0,11,,,,,True,2.0,typst-live,https://crates.io/crates/typst-live,2024-04-21 11:12:24.507,,358.0,13484.0,,,,,,,,,,,,,,,,,,,,,,,,
57,typst-preview.el,havarddj/typst-preview.el,writing,['extension'],,https://github.com/havarddj/typst-preview.el,https://github.com/havarddj/typst-preview.el,GPL-3.0,2023-12-31 01:48:46,2025-11-10 08:28:22.000,2025-11-10 08:24:11,74.0,21.0,11.0,1.0,8.0,1.0,11.0,108.0,2025-11-10 08:28:22.000,1.0.0,,,3.0,Typst live preview minor mode for emacs.,,,6.0,11,,,,,True,2.0,,,,,,,,,,,,,,,,,,,,,,,,,,,,,,
58,Touying Exporter,touying-typ/touying-exporter,convert,['runnable'],touying,https://github.com/touying-typ/touying-exporter,https://github.com/touying-typ/touying-exporter,MIT,2024-05-21 07:19:02,2025-09-19 06:57:22.000,2025-09-19 06:57:22,20.0,1.0,5.0,,3.0,7.0,4.0,97.0,2025-04-09 06:30:09.000,0.13.2,,291.0,6.0,Export presentation slides in various formats for Touying.,2.0,2.0,3.0,11,https://pypi.org/project/touying,2025-04-09 06:30:09,,291.0,True,2.0,,,,,,,,,,,,,,,,,,,,,,,,,,,,,,
59,wasi-stub,astrale-sharp/wasm-minimal-protocol,pkg,['cli'],,https://github.com/astrale-sharp/wasm-minimal-protocol,https://github.com/astrale-sharp/wasm-minimal-protocol#wasi-stub,Unlicense,2023-06-18 13:03:58,2025-11-02 11:44:29.000,2025-11-02 11:44:11,144.0,6.0,13.0,2.0,30.0,2.0,12.0,75.0,2025-03-27 21:38:36.000,wasi-stub-0.2.0,31.0,3.0,1.0,A tool allowing you to take a wasi compliant WebAssembly file and replace all functions wasi depends on by meaningless..,59.0,59.0,10.0,11,,,,,True,3.0,,,,,,,,,,,,,,,,,,,,,,,,,,,,,,
60,obsidian-wypst,0xbolt/obsidian-wypst,mix,['extension'],,https://github.com/0xbolt/obsidian-wypst,https://github.com/0xbolt/obsidian-wypst,MIT,2023-12-08 17:18:26,2024-05-15 19:26:11.000,2024-05-15 19:26:09,51.0,,8.0,3.0,2.0,24.0,4.0,71.0,2024-05-13 08:32:00.000,0.0.3,10491.0,499.0,3.0,"High quality rendering of Typst in Obsidian, powered by wypst.",,,2.0,11,,,,,False,2.0,,,,,,,,,,,,,,,,,,,,,,,,,,,,,,
61,Typst ‰∏≠ÊñáÊñáÊ°£ÁΩëÁ´ô,typst-doc-cn/typst-doc-cn.github.io,docs,"['web', 'non-english']",,https://github.com/typst-doc-cn/typst-doc-cn.github.io,https://typst-doc-cn.github.io/docs/,Apache-2.0,2023-06-24 03:00:01,2025-03-02 06:20:04.000,2025-03-02 06:15:33,2651.0,,16.0,2.0,27.0,3.0,,55.0,,,,,,Á§æÂå∫È©±Âä®ÁöÑÈùûÂÆòÊñπ Typst ‰∏≠ÊñáÊñáÊ°£„ÄÇ.,,,210.0,11,,,,,True,2.0,,,,,,,,,,,,,,,,,,,,,,,,,,,,,,
62,KaiserY/mdbook-typst-pdf,KaiserY/mdbook-typst-pdf,convert,"['cli', 'runnable']",,https://github.com/KaiserY/mdbook-typst-pdf,https://github.com/KaiserY/mdbook-typst-pdf,Apache-2.0,2023-12-06 08:23:06,2025-06-04 06:44:23.668,2025-06-04 06:36:35,52.0,,4.0,2.0,1.0,3.0,4.0,39.0,2025-06-04 06:44:23.668,0.6.3,1959.0,367.6666666666667,20.0,mdbook typst pdf backend.,2.0,1.0,2.0,11,,,,,True,2.0,mdbook-typst-pdf,https://crates.io/crates/mdbook-typst-pdf,2025-06-04 06:44:23.668,1.0,282.6666666666667,6267.0,,,,,,,,,,,,,,,,,,,,,,,,
63,Blender Typst Importer,kolibril13/blender_typst_importer,mix,['extension'],,https://github.com/kolibril13/blender_typst_importer,https://extensions.blender.org/add-ons/typst-importer/,GPL-3.0,2025-01-26 10:06:52,2025-11-19 14:17:51.000,2025-11-19 14:17:51,262.0,28.0,2.0,1.0,5.0,8.0,4.0,14.0,2025-11-19 14:11:41.000,0.2.1,391.0,43.0,12.0,Blender extension to render typst content. Examples: https://kolibril13.github.io/bpy-gallery/n4typst_examples/.,,,,11,,,,,True,2.0,,,,,,,,,,,,,,,,,,True,,,,,,,,,,,,
64,bevy_typst_textures,fallible-algebra/bevy_typst_textures,coding,['api'],,https://github.com/fallible-algebra/bevy_typst_textures,https://github.com/fallible-algebra/bevy_typst_textures,MIT,2025-07-09 11:05:46,2025-10-26 22:24:05.997,2025-10-26 22:20:19,38.0,8.0,,,2.0,,,8.0,2025-10-26 22:24:05.997,0.3.0,,247.0,4.0,Integrating typst as a texture generator for Bevy.,,,,11,,,,,True,2.0,bevy_typst_textures,https://crates.io/crates/bevy_typst_textures,2025-10-26 22:24:05.997,,247.0,1243.0,,,,,,,,,,,,,,,,,,,,,,,,
65,tohaya,FNNDSC/tohaya,ref,"['web', 'cli']",,https://github.com/FNNDSC/tohaya,https://fnndsc.github.io/tohaya/,Apache-2.0,2025-06-09 19:22:18,2025-09-23 11:05:52.431,2025-09-23 11:00:51,39.0,3.0,1.0,,,,,5.0,2025-09-23 11:05:52.431,0.1.2,221.0,207.0,5.0,Convert academic citations to hayagriva YAML.,,,,11,,,,,True,1.0,tohaya,https://crates.io/crates/tohaya,2025-09-23 11:02:02.830,,144.0,789.0,,tohaya,https://www.npmjs.com/package/tohaya,2025-09-23 11:05:52.431,,19.0,,,,,,,,,,,,,,,,,,
66,Velyst,voxell-tech/velyst,coding,['api'],,https://github.com/voxell-tech/velyst,https://github.com/voxell-tech/velyst,Apache-2.0,2024-05-22 03:59:01,2025-11-19 07:48:03.000,2025-11-04 13:40:05,86.0,1.0,6.0,1.0,15.0,12.0,9.0,152.0,2025-01-26 09:46:51.046,0.0.0,,67.0,1.0,Interactive Typst content creator using Vello and Bevy.,1.0,1.0,4.0,10,,,,,True,2.0,velyst,https://crates.io/crates/velyst,2025-01-26 09:46:51.046,,67.0,872.0,,,,,,,,,,,,,,,,,,,,,,,,
67,Typsite,Glomzzz/typsite,convert,['cli'],,https://github.com/Glomzzz/typsite,https://typ.rowlib.com/en/,MIT,2025-06-04 21:53:40,2025-09-05 03:12:45.000,2025-09-05 03:11:09,115.0,5.0,3.0,1.0,28.0,1.0,9.0,135.0,2025-09-05 03:12:45.000,0.1.6-44,119.0,23.0,24.0,Static site generator(SSG) for typst.,,,2.0,10,,,,,True,3.0,,,,,,,,,,,,,,,,,,,,,,,,,,,,,,
68,klirr,Sajjon/klirr,misc,['cli'],,https://github.com/Sajjon/klirr,https://github.com/Sajjon/klirr,MIT,2025-06-06 07:17:42,2025-10-26 14:52:16.000,2025-07-18 12:31:51,119.0,,4.0,1.0,21.0,1.0,2.0,98.0,2025-07-18 12:35:37.000,0.2.1,31.0,984.6666666666666,28.0,Zero-maintenance and smart FOSS generating beautiful invoices for services and expenses.,,,2.0,10,,,,,True,2.0,klirr,https://crates.io/crates/klirr,2025-07-18 12:35:32.989,,977.6666666666666,10693.0,,,,,,,,,,,,,,,,,,,,,,,,
69,LegNeato/mdbook-typst,LegNeato/mdbook-typst,convert,['runnable'],,https://github.com/LegNeato/mdbook-typst,https://github.com/LegNeato/mdbook-typst,MIT,2023-11-29 20:51:47,2024-10-29 02:07:15.000,2024-10-29 02:07:00,28.0,,7.0,1.0,1.0,7.0,11.0,71.0,2024-10-29 02:07:16.000,0.1.7,,257.6666666666667,8.0,"An mdBook backend to output Typst markup, pdf, png, or svg.",,,1.0,10,,,,,False,3.0,mdbook-typst,https://crates.io/crates/mdbook-typst,2024-10-29 02:07:12.723,,257.6666666666667,9945.0,,,,,,,,,,,,,,,,,,,,,,,,
70,Typsidian,fogsong233/Typsidian,mix,['extension'],,https://github.com/fogsong233/Typsidian,https://github.com/fogsong233/Typsidian,,2025-07-31 06:38:33,2025-11-20 16:13:56.000,2025-11-20 16:13:40,41.0,26.0,2.0,,3.0,2.0,4.0,21.0,2025-11-20 16:09:12.000,1.5.0,144.0,48.0,9.0,A typst tool for obsidian.,,,3.0,10,,,,,True,2.0,,,,,,,,,,,,,,,,,,,,,,,,,,,,,,
71,go-typst,Dadido3/go-typst,coding,['api'],,https://github.com/Dadido3/go-typst,https://github.com/Dadido3/go-typst,MIT,2024-12-01 14:03:34,2025-11-18 15:05:57.000,2025-11-18 15:05:57,82.0,35.0,2.0,2.0,7.0,,,20.0,2025-11-17 16:10:04.000,0.8.0,,,11.0,"A small go module to utilize Typst for PDF, SVG or PNG document/report generation.",,,3.0,10,,,,,True,2.0,,,,,,,2.0,,,,,,,,,,,,github.com/Dadido3/go-typst,https://pkg.go.dev/github.com/Dadido3/go-typst,2025-11-17 16:05:02,,,,,,,,,
72,Oicana,oicana/oicana,misc,"['api', 'cli']",,https://github.com/oicana/oicana,https://oicana.com,MulanPSL-1.0,2025-09-10 17:30:30,2025-11-19 22:35:18.000,2025-11-19 22:14:46,212.0,212.0,1.0,1.0,43.0,,1.0,16.0,,,160.0,693.0,8.0,Cross-Platform PDF templating based on Typst.,,,,10,,,,,True,2.0,oicana_cli,https://crates.io/crates/oicana_cli,2025-11-10 22:20:25.925,,302.0,1544.0,2.0,@oicana/node,https://www.npmjs.com/package/@oicana/node,2025-11-16 10:00:49.119,,311.0,,,,,,,,,,,,,,,,,,
73,textlint-plugin-typst,textlint/textlint-plugin-typst,writing,['extension'],,https://github.com/textlint/textlint-plugin-typst,https://www.npmjs.com/package/textlint-plugin-typst,MIT,2024-03-03 07:08:52,2025-10-01 16:16:49.000,2025-10-01 16:16:47,55.0,1.0,,1.0,17.0,,5.0,15.0,2025-06-10 07:40:06.137,1.3.0,,12.0,7.0,textlint plugin to lint Typst.,4.0,4.0,,10,,,,,True,2.0,,,,,,,,textlint-plugin-typst,https://www.npmjs.com/package/textlint-plugin-typst,2025-06-10 07:40:06.137,,12.0,,,,,,,,,,,,,,,,,,
74,yank,roosta/yank,ref,['extension'],,https://github.com/roosta/yank,https://addons.mozilla.org/en-US/firefox/addon/yank/,MIT,2017-05-18 18:16:02,2025-11-11 08:17:56.000,2025-11-11 08:17:49,381.0,11.0,1.0,1.0,30.0,,3.0,13.0,2025-07-21 11:44:30.000,2.1.1,42.0,0.0,13.0,"A Firefox extension to copy current tab URL and title to clipboard, formatted for a markup language. Supports several..",4.0,4.0,2.0,10,,,,,True,1.0,,,,,,,,,,,,,,,,,,,,,,,,,,,,,,
75,HackingGate/typst-out,HackingGate/typst-out,coding,,,https://github.com/HackingGate/typst-out,https://github.com/HackingGate/typst-out,MIT,2023-03-30 16:15:17,2025-11-21 05:28:20.000,2025-11-20 17:03:11,980.0,47.0,,,907.0,1.0,1.0,3.0,2025-01-08 15:08:33.000,3.0.0,,,3.0,"This GitHub action builds Typst files in your repository using a custom Typst ref, producing configurable output files..",,,2.0,10,,,,,True,2.0,,,,,,,,,,,,,,,,,,,,,,,,,,,,,,
76,Typst dev builds,typst-community/dev-builds,misc,['cli'],,https://github.com/typst-community/dev-builds,https://typst-community.github.io/dev-builds/,Apache-2.0,2025-09-26 06:58:24,2025-11-15 06:00:00.000,2025-10-28 02:45:41,11.0,11.0,,,,1.0,,3.0,2025-11-15 06:00:00.000,typst-main.2025-11-14.0da0165,1231.0,615.0,14.0,Unofficial builds of Typst artifacts for development purposes.,,,,10,,,,,True,2.0,,,,,,,,,,,,,,,,,,,,,,,,,,,,,,
77,mattfbacon/typst-bot,mattfbacon/typst-bot,coding,,,https://github.com/mattfbacon/typst-bot,https://github.com/mattfbacon/typst-bot,AGPL-3.0,2023-03-22 08:24:36,2025-11-18 19:42:15.000,2025-11-18 19:39:41,174.0,17.0,19.0,2.0,16.0,4.0,18.0,88.0,,,,,,A discord bot to render Typst code.,,,11.0,9,,,,,True,2.0,,,,,,,,,,,,,,,,,,,,,,,,,,,,,,
78,tylant,Myriad-Dreamin/tylant,convert,['runnable'],,https://github.com/Myriad-Dreamin/tylant,https://myriad-dreamin.github.io/tylant/,Apache-2.0,2025-05-15 11:55:57,2025-09-13 02:58:17.000,2025-09-13 02:58:14,182.0,9.0,10.0,2.0,1.0,2.0,2.0,72.0,2025-05-30 21:48:09.729,0.0.1,,5.0,1.0,The static-site blog template using astro and typst.,,,3.0,9,,,,,True,3.0,,,,,,,,@myriaddreamin/tylant,https://www.npmjs.com/package/@myriaddreamin/tylant,2025-05-30 21:48:09.729,,5.0,,,,,,,,,,,,,,,,,,
79,Press,RossSmyth/press,coding,['api'],,https://github.com/RossSmyth/press,https://github.com/RossSmyth/press,,2025-03-01 05:17:05,2025-11-19 20:06:04.000,2025-11-19 20:05:43,84.0,28.0,5.0,1.0,7.0,,7.0,70.0,2025-11-18 04:32:06.000,2.2,,,10.0,Typst document building in nix.,,,5.0,9,,,,,True,2.0,,,,,,,,,,,,,,,,,,,,,,,,,,,,,,
80,typst-languagetool,antonWetzel/typst-languagetool,writing,"['runnable', 'extension']",,https://github.com/antonWetzel/typst-languagetool,https://github.com/antonWetzel/typst-languagetool,MIT,2023-08-10 12:17:04,2025-09-26 18:16:26.000,2025-09-26 18:16:24,103.0,4.0,17.0,2.0,13.0,9.0,32.0,64.0,,,,,,LanguageTool Integration for Typst for spell and grammer check.,,,12.0,9,,,,,True,3.0,,,,,,,,,,,,,,,,,,,,,,,,,,,,,,
81,Typst Sympy Calculator,OrangeX4/typst-sympy-calculator,misc,"['extension', 'runnable']",typst-sympy-calculator,https://github.com/OrangeX4/typst-sympy-calculator,https://github.com/OrangeX4/typst-sympy-calculator,MIT,2023-05-30 10:53:53,2024-01-28 08:23:13.000,2024-01-28 08:23:05,38.0,,6.0,3.0,1.0,2.0,2.0,54.0,2024-01-28 08:22:13.000,0.6.2,,50.0,16.0,Parse typst math expressions into sympy form for calc and define your custom functions in typst files.,2.0,2.0,1.0,9,https://pypi.org/project/typst-sympy-calculator,2024-01-28 08:22:13,,50.0,False,2.0,,,,,,,,,,,,,,,,,,,,,,,,,,,,,,
82,Typst Matplotlib Backend,daskol/mpl-typst,coding,['api'],,https://github.com/daskol/mpl-typst,https://github.com/daskol/mpl-typst,MIT,2024-01-02 13:15:56,2025-05-17 10:22:17.000,2025-05-17 10:19:50,47.0,,5.0,2.0,15.0,8.0,6.0,53.0,2025-05-17 10:25:21.000,0.2.1,,,2.0,Typst backend for matplotlib (Python visualization library).,2.0,2.0,3.0,9,,,,,True,2.0,,,,,,,,,,,,,,,,,,,,,,,,,,,,,,
83,slidev-addon-typst,shigma/slidev-addon-typst,mix,['extension'],,https://github.com/shigma/slidev-addon-typst,https://slidev-addon-typst.vercel.app,MIT,2025-05-21 04:40:57,2025-05-21 14:01:04.000,2025-05-21 14:00:57,6.0,,,1.0,,,,38.0,2025-05-21 14:00:41.101,1.0.2,,41.0,3.0,Typst addon for Slidev.,,,1.0,9,,,,,True,3.0,,,,,,,,slidev-addon-typst,https://www.npmjs.com/package/slidev-addon-typst,2025-05-21 14:00:41.101,,41.0,,,,,,,,,,,,,,,,,,
84,typst-package-template,typst-community/typst-package-template,pkg,,,https://github.com/typst-community/typst-package-template,https://github.com/typst-community/typst-package-template,Unlicense,2024-05-19 12:57:57,2025-10-11 08:00:32.000,2025-08-03 10:07:41,56.0,,14.0,3.0,30.0,5.0,3.0,37.0,,,,,,A template to start your Typst package repositories from.,,,8.0,9,,,,,True,3.0,,,,,,,,,,,,,,,,,,,,,,,,,,,,,,
85,Typst HTTP API,slashformotion/typst-http-api,coding,"['runnable', 'web']",,https://github.com/slashformotion/typst-http-api,https://github.com/slashformotion/typst-http-api,MIT,2023-05-06 09:48:34,2025-11-13 22:17:35.000,2025-09-16 13:26:02,58.0,2.0,3.0,1.0,55.0,1.0,2.0,37.0,2025-09-16 13:26:40.000,0.3.8,,,9.0,Compile typst documents with a simple HTTP request.,,,3.0,9,,,,,True,2.0,,,,,,,,,,,,,,,,,,,,,,,,,,,,,,
86,Typst math VS Code Extension,supersurviveur/typst-math,math,['extension'],,https://github.com/supersurviveur/typst-math,https://marketplace.visualstudio.com/items?itemName=surv.typst-math,MIT,2024-01-11 11:45:46,2025-06-30 14:35:55.000,2025-06-30 14:35:55,165.0,,2.0,1.0,5.0,3.0,30.0,30.0,2025-04-11 14:59:48.000,0.1.10,21.0,1.0,10.0,A VS Code extension to simplify math writing in Typst.,,,3.0,9,,,,,True,3.0,,,,,,,,,,,,,,,,,,,,,,,,,,,,,,
87,Typst Upgrade,Coekjan/typst-upgrade,misc,['cli'],,https://github.com/Coekjan/typst-upgrade,https://github.com/Coekjan/typst-upgrade,MIT,2024-04-11 13:06:03,2025-11-04 01:56:26.000,2025-11-04 01:56:19,159.0,9.0,1.0,1.0,67.0,,9.0,19.0,2025-02-22 05:20:27.000,1.7.0,400.0,21.0,11.0,Upgrade your typst packages.,,,2.0,9,,,,,True,2.0,,,,,,,,,,,,,,,,,,,,,,,,,,,,,,
88,showman,ntjess/showman,pkg,['runnable'],showman,https://github.com/ntjess/showman,https://github.com/ntjess/showman,MIT,2023-12-20 09:20:14,2024-11-28 03:21:18.000,2024-11-28 03:20:09,53.0,,2.0,1.0,1.0,4.0,,17.0,2024-11-10 21:20:49.000,0.1.2,,11.0,3.0,Automagic typst package documentation & development.,44.0,44.0,2.0,9,https://pypi.org/project/showman,2024-11-10 21:20:49,,11.0,False,3.0,,,,,,,,,,,,,,,,,,,,,,,,,,,,,,
89,typst-ansi-hl,frozolotl/typst-ansi-hl,mix,['runnable'],,https://github.com/frozolotl/typst-ansi-hl,https://github.com/frozolotl/typst-ansi-hl,EUPL-1.2,2024-01-28 20:42:16,2025-02-24 22:22:40.000,2025-02-24 22:20:22,55.0,,3.0,1.0,4.0,1.0,3.0,14.0,2025-02-24 22:25:37.000,0.4.0,,,3.0,typst-ansi-hl highlights your Typst code.,21.0,21.0,3.0,9,,,,,False,3.0,,,,,,,,,,,,,,,,,,,,,,,,,,,,,,
90,zeta Œ∂,lentilus/zeta,writing,"['extension', 'cli', 'runnable']",,https://github.com/lentilus/zeta,https://github.com/lentilus/zeta,,2024-11-03 15:31:53,2025-10-27 21:21:02.000,2025-06-06 18:41:53,364.0,,,,11.0,1.0,,11.0,2025-06-06 18:44:16.000,0.3.5,82.0,7.0,10.0,a performant lsp for navigating typst notes.,,,3.0,9,,,,,True,3.0,,,,,,,,,,,,,,,,,,,,,,,,,,,,,,
91,gotypst,francescoalemanno/gotypst,coding,['api'],,https://github.com/francescoalemanno/gotypst,https://github.com/francescoalemanno/gotypst,Apache-2.0,2024-09-15 10:53:52,2025-09-26 16:18:21.000,2025-09-26 16:05:24,23.0,1.0,,1.0,,1.0,,11.0,2025-09-26 16:20:57.000,0.1.7,,,7.0,gotypst is a Go package that compiles Typst code into a PDF. It provides an easy-to-use function to pass Typst markup..,2.0,,2.0,9,,,,,True,2.0,,,,,,,,,,,,,,,,,,,github.com/francescoalemanno/gotypst,https://pkg.go.dev/github.com/francescoalemanno/gotypst,2025-09-26 16:05:24,2.0,,,,,,,,
92,typstpy,beibingyangliuying/python-typst,coding,['api'],typstpy,https://github.com/beibingyangliuying/python-typst,https://github.com/beibingyangliuying/python-typst,MIT,2024-09-22 12:02:41,2025-10-17 03:43:35.000,2025-10-17 03:43:18,49.0,3.0,,2.0,,1.0,2.0,9.0,2025-05-11 03:35:14.000,1.2.0,,312.0,20.0,Python interface to generate Typst code.,2.0,2.0,,9,https://pypi.org/project/typstpy,2025-09-17 06:47:55,,312.0,True,2.0,,,,,,,,,,,,,,,,,,True,,,,,,,,,,,,
93,citext,Shuenhoy/citext,ref,['typst-package'],,https://github.com/Shuenhoy/citext,https://github.com/Shuenhoy/citext,MIT,2024-08-25 07:05:58,2025-10-25 03:52:06.000,2025-10-25 03:50:42,15.0,5.0,3.0,2.0,4.0,,,5.0,2025-10-25 03:53:10.000,0.3.0,,,2.0,This package provides: 1. Bilingual bibliography hack before official Typst support for CSL-M (typst/citationberg#5)...,,,4.0,9,,,,,True,2.0,,,,,,,,,,,,,,,,,,,,,,,,,,,,,,
94,java-typst,fatihcatalkaya/java-typst,coding,['api'],,https://github.com/fatihcatalkaya/java-typst,https://github.com/fatihcatalkaya/java-typst,Apache-2.0,2024-09-03 19:27:14,2025-03-19 22:27:12.000,2025-03-19 22:18:34,22.0,,,1.0,4.0,1.0,1.0,5.0,2025-03-19 22:27:12.000,1.4.0,,,6.0,A library to render Typst templates in Java.,1.0,1.0,,9,,,,,True,2.0,,,,,,,,,,,,,,,,,,,,,,,io.github.fatihcatalkaya:java-typst,https://search.maven.org/artifact/io.github.fatihcatalkaya/java-typst,2025-03-19 22:27:12,,,,,
95,Markdown-It Typst Math,Lowmst/markdown-it-typst-math,math,['extension'],,https://github.com/Lowmst/markdown-it-typst-math,https://github.com/Lowmst/markdown-it-typst-math,MIT,2025-08-18 16:49:28,2025-11-04 05:46:01.000,2025-09-02 14:30:47,17.0,4.0,,,,,,4.0,2025-09-03 12:47:01.801,1.1.0,8.0,32.0,6.0,Markdown It plugin that adds Typst math equation rendering.,,,,9,,,,,True,3.0,,,,,,,,@lowmst/markdown-it-typst-math,https://www.npmjs.com/package/@lowmst/markdown-it-typst-math,2025-09-03 12:47:01.801,,28.0,,,,,,,,,,,,,,,,,,
96,xudesheng/mdbook-typstpdf,xudesheng/mdbook-typstpdf,convert,['runnable'],,https://github.com/xudesheng/mdbook-typstpdf,https://github.com/xudesheng/mdbook-typstpdf,MIT,2025-03-18 21:24:14,2025-09-30 16:05:48.763,2025-06-26 18:19:51,5.0,,,1.0,,,,1.0,2025-09-30 16:05:48.763,0.2.2,,326.6666666666667,5.0,A limited-purpose tool for converting mdbook projects to PDF using Typst.,,,,9,,,,,True,3.0,mdbook-typstpdf,https://crates.io/crates/mdbook-typstpdf,2025-09-30 16:05:48.763,,326.6666666666667,2653.0,,,,,,,,,,,,,,,,,,,,,,,,
97,Nonsense‚Ñ¢,SylvanFranklin/nonsense,misc,"['web', 'typst-package']",,https://github.com/SylvanFranklin/nonsense,https://sylvanfranklin.github.io/nonsense/,MIT,2024-12-08 22:40:57,2025-09-20 16:38:37.000,2025-09-20 16:38:37,125.0,1.0,8.0,3.0,7.0,,2.0,251.0,,,,,,Nonsensical Math Paper Generator.,,,8.0,8,,,,,True,3.0,,,,,,,,,,,,,,,,,,,,,,,,,,,,,,
98,SapienAI,Academic-ID/sapienAI,misc,"['runnable', 'web']",,https://github.com/Academic-ID/sapienAI,https://docs.academicid.io/,,2024-03-31 06:30:08,2025-08-01 06:32:49.000,2025-08-01 06:32:49,46.0,,3.0,2.0,2.0,5.0,4.0,135.0,2025-08-01 01:33:23.000,0.3.0,,,19.0,"Self-hosted academic chatbot, research workspaces and editor (LaTex, Typst, markdown, ...) leveraging local and..",,,,8,,,,,True,3.0,,,,,,,,,,,,,,,,,,,,,,,,,,,,,,
99,Tide,Nxllpointer/tide,writing,['runnable'],,https://github.com/Nxllpointer/tide,https://github.com/Nxllpointer/tide,Apache-2.0,2024-11-24 14:59:11,2025-08-27 19:20:48.000,2025-03-17 18:29:39,74.0,,,2.0,,,,73.0,2025-01-10 20:35:33.000,1.1.0,,,2.0,The Batteries-Included Typst Notetaking IDE.,,,,8,,,,,True,3.0,,,,,,,,,,,,,,,,,,,,,,,,,,,,,,
100,gistd,Myriad-Dreamin/gistd,misc,['web'],,https://github.com/Myriad-Dreamin/gistd,https://gistd.myriad-dreamin.com/,Apache-2.0,2025-09-17 12:08:34,2025-11-08 20:49:30.000,2025-11-08 20:49:28,53.0,53.0,1.0,1.0,4.0,3.0,8.0,28.0,,,,,,Instantly share typst documents on git and other network storage.,,,3.0,8,,,,,True,3.0,,,,,,,,,,,,,,,,,,,,,,,,,,,,,,
101,Tyler,mkpoli/tyler,pkg,['runnable'],,https://github.com/mkpoli/tyler,https://github.com/mkpoli/tyler,MIT,2024-11-18 12:53:45,2024-11-21 01:53:46.000,2024-11-21 01:53:33,84.0,,,1.0,,,,26.0,2024-11-20 11:06:39.350,0.5.0,,27.0,13.0,"Typst package (libraries, templates) publishing utilty CLI tool.",,,1.0,8,,,,,False,3.0,,,,,,,,@mkpoli/tyler,https://www.npmjs.com/package/@mkpoli/tyler,2024-11-20 16:06:49.359,,27.0,,,,,,,,,,,,,,,,,,
102,clreq-gap for typst,typst-doc-cn/clreq,docs,"['web', 'multilingual']",,https://github.com/typst-doc-cn/clreq,https://typst-doc-cn.github.io/clreq/,Apache-2.0,2025-06-07 08:39:59,2025-11-19 05:00:38.000,2025-11-19 05:00:11,216.0,54.0,2.0,1.0,49.0,9.0,7.0,13.0,,,,,,clreq-gap (Chinese layout gap analysis) for typst. ÂàÜÊûê Typst ‰∏é‰∏≠ÊñáÊéíÁâàÁöÑÂ∑ÆË∑ù„ÄÇhttps://gap.zhtyp.art.,,,5.0,8,,,,,True,3.0,,,,,,,,,,,,,,,,,,,,,,,,,,,,,,
103,tex2typst-rs,xyy-cas/tex2typst-rs,math,"['api', 'web']",,https://github.com/xyy-cas/tex2typst-rs,https://xyy-cas.github.io/tex2typst-UI/,GPL-3.0,2025-01-28 12:31:17,2025-02-17 13:20:43.184,2025-02-17 13:19:22,62.0,,,1.0,,2.0,,11.0,2025-02-17 13:20:43.184,0.4.1,,580.3333333333334,16.0,A Rust library that converts TeX code to Typst code.,2.0,2.0,,8,,,,,False,3.0,tex2typst-rs,https://crates.io/crates/tex2typst-rs,2025-02-17 13:20:43.184,,580.3333333333334,11772.0,,,,,,,,,,,,,,,,,,,,,,,,
104,typfont,hooyuser/typst_font_manager,misc,['cli'],,https://github.com/hooyuser/typst_font_manager,https://github.com/hooyuser/typst_font_manager,GPL-3.0,2024-09-06 14:35:33,2025-08-20 12:56:21.000,2025-08-20 12:54:31,84.0,,,,,,,11.0,2025-04-12 03:57:22.000,0.1.1+20250412035719,64.0,94.66666666666667,6.0,A CLI tool to manage fonts for Typst projects.,,,,8,,,,,True,3.0,typst_font_manager,https://crates.io/crates/typst_font_manager,2025-04-12 03:47:41.924,,88.66666666666667,1448.0,,,,,,,,,,,,,,,,,,,,,,,,
105,typst-wasm-protocol,sjfhsjfh/typst-wasm,pkg,['api'],,https://github.com/sjfhsjfh/typst-wasm,https://crates.io/crates/typst-wasm-protocol,MIT,2025-02-27 13:20:58,2025-04-13 07:36:32.000,2025-04-13 07:36:32,13.0,,1.0,1.0,1.0,,,6.0,2025-03-09 05:52:52.800,0.0.2,,149.0,2.0,Typst WASM tools.,3.0,3.0,2.0,8,,,,,True,3.0,typst-wasm-protocol,https://crates.io/crates/typst-wasm-protocol,2025-03-09 05:52:52.800,,149.0,1646.0,,,,,,,,,,,,,,,,,,,,,,,,
106,d2typ,acture/d2typ,convert,['cli'],,https://github.com/Acture/d2typ,https://github.com/Acture/d2typ,AGPL-3.0-only,2025-07-19 17:52:11,2025-08-08 17:11:26.000,2025-08-08 17:10:14,38.0,,1.0,,,,,1.0,2025-08-08 17:11:39.000,0.1.3,1.0,184.0,4.0,üîÅ Convert structured data (CSV/JSON/YAML/TOML/XLSX) into Typst syntax for embedding in documents.,,,,8,,,,,True,3.0,d2typ,https://crates.io/crates/d2typ,2025-07-19 20:17:05.228,,184.0,1420.0,,,,,,,,,,,,,,,,,,,,,,,,
107,citation-js/plugin-hayagriva,citation-js/plugin-hayagriva,ref,"['extension', 'api']",,https://github.com/citation-js/plugin-hayagriva,https://github.com/citation-js/plugin-hayagriva,MIT,2023-03-28 22:37:12,2024-12-27 13:20:54.000,2024-12-27 13:20:11,13.0,,,1.0,,,2.0,,2024-12-27 13:20:31.972,0.1.2,,2.0,3.0,Citation.js plugin for the Hayagriva YAML format used in Typst.,3.0,1.0,,8,,,,,False,2.0,,,,,,,,@citation-js/plugin-hayagriva,https://www.npmjs.com/package/@citation-js/plugin-hayagriva,2024-12-27 13:20:31.972,2.0,2.0,,,,,,,,,,,,,,,,,,
108,Typst as Library,tfachmann/typst-as-library,coding,,,https://github.com/tfachmann/typst-as-library,https://github.com/tfachmann/typst-as-library,Apache-2.0,2024-01-12 18:59:46,2025-11-16 08:32:35.000,2025-11-16 08:32:31,29.0,1.0,11.0,1.0,4.0,4.0,5.0,118.0,,,,,,Simple demo that demonstrates how to use typst as a library in Rust.,,,4.0,7,,,,,True,3.0,,,,,,,,,,,,,,,,,,,,,,,,,,,,,,
109,Typress,ParaN3xus/typress,math,"['runnable', 'web']",,https://github.com/ParaN3xus/typress,https://typress-web.vercel.app,MIT,2024-07-17 11:43:29,2025-03-25 09:33:24.000,2025-03-25 09:33:24,151.0,,5.0,1.0,4.0,1.0,1.0,98.0,,,,,,Typst Mathematical Expression OCR.,,,5.0,7,,,,,True,3.0,,,,,,,,,,,,,,,,,,,,,,,,,,,,,,
110,ox-typst.el,jmpunkt/ox-typst,mix,['extension'],,https://github.com/jmpunkt/ox-typst,https://github.com/jmpunkt/ox-typst,GPL-3.0,2024-01-25 19:09:28,2025-11-12 18:00:26.000,2025-11-12 18:00:26,123.0,5.0,13.0,2.0,26.0,5.0,13.0,92.0,,,,,,Org-mode to Typst exporter.,,,6.0,7,,,,,True,3.0,,,,,,,,,,,,,,,,,,,,,,,,,,,,,,
111,lvignoli/typst-action,lvignoli/typst-action,coding,,,https://github.com/lvignoli/typst-action,https://github.com/lvignoli/typst-action,MIT,2023-03-28 14:59:32,2025-02-16 15:15:54.000,2025-02-16 15:15:54,59.0,,19.0,1.0,11.0,7.0,2.0,80.0,2023-05-01 21:40:41.000,0.1,,,2.0,Typst GitHub action.,,,5.0,7,,,,,False,3.0,,,,,,,,,,,,,,,,,,,,,,,,,,,,,,
112,frozolotl/tree-sitter-typst,frozolotl/tree-sitter-typst,writing,['extension'],,https://github.com/frozolotl/tree-sitter-typst,https://github.com/frozolotl/tree-sitter-typst,EUPL-1.2,2023-03-31 18:52:00,2024-01-29 12:57:45.000,2024-01-29 12:57:44,83.0,,3.0,6.0,2.0,14.0,4.0,75.0,,,,,,A tree-sitter grammar for the typst typesetting language with a focus on correctness.,,,3.0,7,,,,,False,3.0,,,,,,,,,,,,,,,,,,,,,,,,,,,,,,
113,Prettypst,antonWetzel/prettypst,writing,"['runnable', 'extension']",,https://github.com/antonWetzel/prettypst,https://github.com/antonWetzel/prettypst,MIT,2023-11-21 14:59:25,2025-04-22 09:45:18.000,2025-04-22 09:45:15,24.0,,3.0,1.0,1.0,2.0,7.0,48.0,2025-01-25 12:51:19.000,2.0.0,,,1.0,Formatter for Typst.,,,2.0,7,,,,,True,3.0,,,,,,,,,,,,,,,,,,,,,,,,,,,,,,
114,Jupyter to Typst converter,8LWXpg/jupyter2typst,convert,['cli'],,https://github.com/8LWXpg/jupyter2typst,https://github.com/8LWXpg/jupyter2typst,MIT,2023-09-02 03:51:07,2025-06-27 07:02:23.000,2025-06-27 07:02:14,157.0,,,1.0,1.0,2.0,2.0,17.0,2025-05-23 05:35:42.000,1.3.1,124.0,6.0,10.0,Jupyter to Typst converter with template support.,,,,7,,,,,True,3.0,,,,,,,,,,,,,,,,,,,,,,,,,,,,,,
115,mdbook-typst-math,duskmoon314/mdbook-typst-math,mix,['runnable'],,https://github.com/duskmoon314/mdbook-typst-math,https://github.com/duskmoon314/mdbook-typst-math,MIT,2023-12-04 05:07:20,2025-11-19 23:26:53.000,2025-07-02 04:36:24,9.0,,,1.0,21.0,1.0,1.0,10.0,2024-05-28 04:52:06.981,0.1.1,,80.66666666666667,2.0,mdbook typst preprocessor.,,,2.0,7,,,,,True,3.0,mdbook-typst-math,https://crates.io/crates/mdbook-typst-math,2024-05-28 04:52:06.981,,80.66666666666667,2658.0,,,,,,,,,,,,,,,,,,,,,,,,
116,Typst Dependency Checker Action,TomVer99/typst-check-deps,misc,,,https://github.com/TomVer99/typst-check-deps,https://discord.gg/KXuVQnMcdX,MIT,2025-10-18 11:52:35,2025-11-17 14:22:11.000,2025-11-17 14:16:27,27.0,27.0,,1.0,10.0,4.0,,3.0,2025-10-26 15:12:01.000,0.1.0,,,1.0,An easy to use and automated method to make sure your Typst dependencies/imports are up to date.,,,2.0,7,,,,,True,3.0,,,,,,,,,,,,,,,,,,,,,,,,,,,,,,
117,python-markdown-typst,eWloYW8/python-markdown-typst,mix,"['api', 'extension']",markdown-typst,https://github.com/eWloYW8/python-markdown-typst,https://github.com/eWloYW8/python-markdown-typst,MIT,2025-06-10 05:33:39,2025-06-11 04:55:15.000,2025-06-11 04:54:01,15.0,,,,,,,3.0,2025-06-11 04:55:17.000,0.1.4,4.0,16.0,5.0,A Python Markdown extension for MkDocs that compiles typst fenced code blocks into inline SVG images.,,,,7,https://pypi.org/project/markdown-typst,2025-06-11 04:55:15,,16.0,True,3.0,,,,,,,,,,,,,,,,,,,,,,,,,,,,,,
118,Typst-Embedded-Package,tguichaoua/typst-embedded-package,coding,['api'],,https://github.com/tguichaoua/typst-embedded-package,https://docs.rs/typst-embedded-package/,MIT,2025-01-09 13:55:21,2025-03-04 18:22:39.000,2025-03-04 18:19:32,5.0,,1.0,1.0,3.0,,1.0,1.0,2025-03-04 18:22:39.000,0.3.0,,116.66666666666667,3.0,Support to embed typst package to the binary.,,,,7,,,,,True,3.0,typst-embedded-package,https://crates.io/crates/typst-embedded-package,2025-03-04 18:21:48.788,,116.66666666666667,2124.0,,,,,,,,,,,,,,,,,,,,,,,,
119,typst.nvim,SeniorMars/typst.nvim,writing,['extension'],,https://github.com/SeniorMars/typst.nvim,https://github.com/SeniorMars/typst.nvim,Apache-2.0,2023-03-22 00:14:48,2023-04-23 14:05:31.000,2023-04-04 21:41:19,6.0,,3.0,14.0,2.0,2.0,,148.0,,,,,,"WIP. Goals: Treesitter highlighting, snippets, and a smooth intergration with neovim.",,,1.0,6,,,,,False,3.0,,,,,,,,,,,,,,,,,,,,,,,,,,,,,,
120,Typst Extension for Zed,zed-extensions/typst,writing,['extension'],,https://github.com/zed-extensions/typst,https://zed.dev/extensions/typst,Apache-2.0,2024-04-27 19:27:52,2025-03-28 10:21:56.000,2025-03-28 10:21:55,19.0,,9.0,2.0,10.0,12.0,12.0,109.0,,,,,,Typst extension for zed.,,,5.0,6,,,,,True,3.0,,,,,,,,,,,,,,,,,,,,,,,,,,,,,,
121,johannesbrandenburger/typst-mcp,johannesbrandenburger/typst-mcp,docs,['runnable'],,https://github.com/johannesbrandenburger/typst-mcp,https://github.com/johannesbrandenburger/typst-mcp,MIT,2025-04-18 10:16:17,2025-08-05 08:52:41.000,2025-08-05 08:52:38,25.0,,8.0,1.0,2.0,2.0,,81.0,,,,,,"Typst MCP Server is an MCP (Model Context Protocol) implementation that helps AI models interact with Typst, a markup-..",,,2.0,6,,,,,True,3.0,,,,,,,,,,,,,,,,,,,,,,,,,,,,,,
122,Typst concealer,PartyWumpus/typst-concealer,writing,['extension'],,https://github.com/PartyWumpus/typst-concealer,https://github.com/PartyWumpus/typst-concealer,MIT,2024-12-31 05:27:25,2025-08-09 12:45:12.000,2025-08-09 12:44:57,38.0,,3.0,2.0,2.0,3.0,6.0,51.0,,,,,,A neovim plugin for rendering typst inline using the kitty unicode graphics protocol.,,,2.0,6,,,,,True,3.0,,,,,,,,,,,,,,,,,,,,,,,,,,,,,,
123,niuiic/typst-preview.nvim,niuiic/typst-preview.nvim,writing,['extension'],,https://github.com/niuiic/typst-preview.nvim,https://github.com/niuiic/typst-preview.nvim,MIT,2023-09-17 03:42:02,2025-05-19 12:20:26.000,2025-05-19 12:20:26,15.0,,2.0,1.0,1.0,,3.0,46.0,,,,,,Neovim plugin to preview typst document.,,,2.0,6,,,,,True,3.0,,,,,,,,,,,,,,,,,,,,,,,,,,,,,,
124,Kvasir,LDemetrios/Kvasir,writing,"['extension', 'multilingual']",,https://github.com/LDemetrios/Kvasir,https://github.com/LDemetrios/Kvasir,Apache-2.0,2024-08-07 11:00:48,2025-11-09 18:26:42.000,2025-11-09 18:26:22,44.0,1.0,2.0,4.0,,7.0,1.0,46.0,,,,,,Kvasir (/kw…ëzer/) is an (unofficial) plugin for JetBrains platform adding support for Typst language.,,,,6,,,,,True,3.0,,,,,,,,,,,,,,,,,,,,,,,,,,,,,,
125,Typewriter,,writing,['app'],,,https://flathub.org/apps/app.drey.Typewriter,GPL-3.0-or-later,2024-08-12 17:29:53,2025-11-07 14:36:53.000,,,,7.0,,,19.0,4.0,26.0,,,,,1.0,"Create documents with typst, the new markup-based typesetting system that is powerful and easy to learn.",,,,6,,,,,True,3.0,,,,,,,,,,,,,,,,,,,,,,,,,,https://gitlab.gnome.org/api/graphql::JanGernert/typewriter,https://gitlab.gnome.org/JanGernert/typewriter,,,
126,Typstar,arne314/typstar,writing,['extension'],,https://github.com/arne314/typstar,https://github.com/arne314/typstar,,2024-11-01 22:51:51,2025-11-20 18:25:46.000,2025-11-06 14:26:00,197.0,26.0,3.0,1.0,22.0,,1.0,20.0,,,,,,"Neovim plugin for Typst providing auto snippets, Excalidraw & Rnote integration and [standalone] Anki flashcard export.",,,4.0,6,,,,,True,3.0,,,,,,,,,,,,,,,,,,,,,,,,,,,,,,
127,tyraria,ParaN3xus/tyraria,writing,['web'],,https://github.com/ParaN3xus/tyraria,https://tyraria.typs.town/,GPL-3.0,2025-08-17 17:55:01,2025-10-31 15:50:57.000,2025-10-31 15:50:52,108.0,70.0,2.0,,1.0,2.0,4.0,20.0,,,,,,Recreate the online editing experience of typst.app based on tinymist and typst.ts.,,,2.0,6,,,,,True,3.0,,,,,,,,,,,,,,,,,,,,,,,,,,,,,,
128,mdbook-typst-highlight,sitandr/mdbook-typst-highlight,mix,['cli'],,https://github.com/sitandr/mdbook-typst-highlight,https://github.com/sitandr/mdbook-typst-highlight,MIT,2023-09-24 18:20:16,2024-11-11 19:08:45.000,2024-11-11 19:09:01,28.0,,,1.0,,1.0,1.0,15.0,2024-01-06 19:12:59.000,0.2.4,231.0,8.0,6.0,Mdbook preprocessor to highlight Typst code (temporary solution until a good highlight.js syntax appears).,,,,6,,,,,False,3.0,,,,,,,,,,,,,,,,,,,,,,,,,,,,,,
129,typst-community/typst-install,typst-community/typst-install,misc,,,https://github.com/typst-community/typst-install,https://github.com/typst-community/typst-install,MIT,2023-12-17 19:31:07,2025-10-26 20:55:27.000,2025-10-26 20:55:27,51.0,9.0,1.0,1.0,2.0,2.0,3.0,13.0,,,,,,ü§ñ curl | sh installer script for Typst.,,,3.0,6,,,,,True,3.0,,,,,,,,,,,,,,,,,,,,,,,,,,,,,,
130,Typst Telegram Bot,daskol/typst-telegram-bot,coding,,,https://github.com/daskol/typst-telegram-bot,https://t.me/TypstBot,MIT,2023-04-04 23:30:23,2024-06-13 09:56:48.000,2024-06-13 09:54:30,27.0,,1.0,1.0,6.0,1.0,3.0,8.0,2024-06-13 10:00:34.000,0.2.1,,,1.0,Render math expression with typst markup language in Telegram.,,,,6,,,,,False,3.0,,,,,,,,,,,,,,,,,,,,,,,,,,,,,,
131,typst-docs-web,typst-community/typst-docs-web,docs-infra,"['web', 'multilingual']",,https://github.com/typst-community/typst-docs-web,https://typst-docs-web.netlify.app,Apache-2.0,2025-09-08 03:19:38,2025-11-07 02:58:08.000,2025-11-07 02:58:07,22.0,22.0,1.0,,22.0,8.0,8.0,8.0,,,,,,Build a website from the documentation JSON file generated by typst-docs.,,,2.0,6,,,,,True,1.0,,,,,,,,,,,,,,,,,,,,,,,,,,,,,,
132,typast,mewmew/typast,convert,['runnable'],,https://github.com/mewmew/typast,https://github.com/mewmew/typast,Apache-2.0,2025-08-26 17:15:23,2025-10-11 23:40:23.000,2025-10-11 23:40:22,82.0,82.0,,1.0,,,1.0,5.0,,,,,,Parser for Typst.,,,,6,,,,,True,3.0,,,,,,,,,,,,,,,,,,,github.com/mewmew/typast/cmd/offline-typ,https://pkg.go.dev/github.com/mewmew/typast/cmd/offline-typ,,,,,,,,,,
133,typst-cffi,,coding,['api'],,,https://codeberg.org/sbinet/typst-cffi,BSD-3,2025-10-31 13:22:07,2025-11-06 14:56:29.000,,,,0.0,1.0,,,,1.0,2025-11-03 16:29:59.382,0.2.0,,27.0,4.0,C-FFI for Typst.,,,,6,,,,,True,3.0,typst-cffi,https://crates.io/crates/typst-cffi,2025-11-06 13:57:45.453,,27.0,81.0,,,,,,,,,,,,True,,,,,,,,,,sbinet/typst-cffi,https://codeberg.org/sbinet/typst-cffi,
134,serialize-typst-value,LinusU/serialize-typst-value,coding,['api'],,https://github.com/LinusU/serialize-typst-value,https://github.com/LinusU/serialize-typst-value,MIT,2025-05-15 10:45:55,2025-05-15 11:00:36.000,2025-05-15 11:00:28,3.0,,,1.0,,,,,2025-05-15 10:59:45.000,1.0.0,,49.0,1.0,Serialize JavaScript objects to Typst values.,,,,6,,,,,True,3.0,,,,,,,,serialize-typst-value,https://www.npmjs.com/package/serialize-typst-value,2025-05-15 10:59:26.148,,49.0,,,,,,,,,,,,,,,,,,
135,typsytex,,convert,['runnable'],typsytex,,https://gitlab.com/nullst/typsytex,,2024-06-25 18:43:09,2024-06-28 13:48:28.000,,,,0.0,,,,,,2024-06-28 07:15:17.000,1.0.0,,13.0,2.0,A tool that converts typst markup to an equivalent LaTeX code.,,,,6,https://pypi.org/project/typsytex,2024-06-28 13:48:28,,13.0,False,3.0,,,,,,,,,,,,,,,,,,,,,,,,,,nullst/typsytex,https://gitlab.com/nullst/typsytex,,,
136,SeniorMars/tree-sitter-typst,SeniorMars/tree-sitter-typst,writing,['extension'],,https://github.com/SeniorMars/tree-sitter-typst,https://github.com/SeniorMars/tree-sitter-typst,MIT,2023-03-22 02:07:13,2023-06-12 15:15:43.000,2023-04-05 05:48:20,16.0,,7.0,9.0,4.0,5.0,1.0,139.0,,,,,,A TreeSitter parser for the Typst File Format.,,,2.0,5,,,,,False,3.0,,,,,,,,,,,,,,,,,,,,,,,,,,,,,,
137,org-typst-preview.el,remimimimimi/org-typst-preview.el,mix,,,https://github.com/remimimimimi/org-typst-preview.el,https://github.com/remimimimimi/org-typst-preview.el,GPL-3.0,2024-05-21 20:35:47,2025-02-14 18:55:40.000,2025-02-14 18:55:39,10.0,,7.0,3.0,4.0,5.0,1.0,77.0,,,,,,Preview Typst code blocks in org-mode (not necessarily) buffers.,,,4.0,5,,,,,False,3.0,,,,,,,,,,,,,,,,,,,,,,,,,,,,,,
138,meow_king/typst-ts-mode,,writing,['extension'],,,https://codeberg.org/meow_king/typst-ts-mode,GPL-3.0,2024-08-07 03:28:00,2025-11-03 02:26:31.000,,,,9.0,2.0,,16.0,,43.0,,,,,,Typst tree sitter major mode for Emacs.,,,,5,,,,,True,3.0,,,,,,,,,,,,,,,,,,,,,,,,,,,,meow_king/typst-ts-mode,https://codeberg.org/meow_king/typst-ts-mode,
139,ÂÖ®ÁêÉÊñáÁßçÁöÑÂ≠ó‰Ωì‰∏éÂ∏ÉÂ±Ä,7sDream/fonts-and-layout-zhCN,misc,['non-english'],,https://github.com/7sDream/fonts-and-layout-zhCN,https://7sdream.github.io/fonts-and-layout-zhCN/,,2024-06-01 12:16:00,2024-06-18 02:11:01.000,2024-06-18 02:10:42,32.0,,3.0,2.0,6.0,1.0,1.0,38.0,2024-06-15 03:44:46.000,release/20240615,232.0,13.0,4.0,„ÄäFonts and Layout for Global Scripts„Äã‰∏≠ÊñáÁâà„ÄÇ‰∏ÄÊú¨ÂÖ≥‰∫éÂ≠ó‰ΩìËÆæËÆ°„ÄÅUnicodeÂíåËÆ°ÁÆóÊú∫‰∏≠Â§çÊùÇÊñáÊú¨Â§ÑÁêÜÁöÑÂÖçË¥π‰π¶Á±ç„ÄÇ.,,,3.0,5,,,,,False,3.0,,,,,,,,,,,,,,,,,,,,,,,,,,,,,,
140,typst-conceal.vim,MrPicklePinosaur/typst-conceal.vim,writing,['extension'],,https://github.com/MrPicklePinosaur/typst-conceal.vim,https://github.com/MrPicklePinosaur/typst-conceal.vim,MIT,2023-09-26 02:21:23,2023-10-13 18:20:36.000,2023-10-13 18:20:17,14.0,,1.0,3.0,,2.0,,22.0,,,,,,plugin for typst conceal.,,,1.0,5,,,,,False,3.0,,,,,,,,,,,,,,,,,,,,,,,,,,,,,,
141,Bib Kit,MordragT/bib_kit,ref,['extension'],,https://github.com/MordragT/bib_kit,https://github.com/MordragT/bib_kit,MIT,2023-04-16 17:33:29,2023-04-21 15:48:36.000,2023-04-21 15:48:33,21.0,,,1.0,,3.0,4.0,19.0,,,,,,Provides an firefox extension to create citations in the hayagriva format used by typst.,,,,5,,,,,False,2.0,,,,,,,,,,,,,,,,,,,,,,,,,,,,,,
142,typst-rb,actsasflinn/typst-rb,coding,['api'],,https://github.com/actsasflinn/typst-rb,https://rubygems.org/gems/typst,Apache-2.0,2023-11-24 04:00:09,2025-06-30 01:56:54.000,2025-06-30 01:49:06,42.0,,2.0,1.0,1.0,,4.0,18.0,,,,,,"Ruby binding to typst, a new markup-based typesetting system that is powerful and easy to learn.",,,,5,,,,,True,3.0,,,,,,,,,,,,,,,,,,,,,,,,,,,,,,
143,nypst,YPares/monurepo,coding,['api'],,https://github.com/YPares/monurepo,https://github.com/YPares/monurepo/tree/master/nypst,,2025-06-11 08:53:45,2025-11-11 22:38:40.000,2025-11-11 22:38:33,254.0,34.0,,1.0,,,,10.0,,,,,,Generate Typst code programmatically with Nu code.,,,,5,,,,,True,3.0,,,,,,,,,,,,,,,,,,,,,,,,,,,,,,
144,mdbook Typst Doc Preprocessor,fenjalien/mdbook-typst-doc,mix,"['cli', 'runnable']",,https://github.com/fenjalien/mdbook-typst-doc,https://www.fenjalien.xyz/mdbook-typst-doc/main/,Apache-2.0,2024-03-08 17:25:55,2024-04-14 20:55:06.000,2024-04-14 20:50:01,18.0,,,2.0,,,,8.0,2024-04-14 20:56:13.000,0.1.2,29.0,1.0,3.0,An mdbook preprocessor for writing Typst documentation.,,,,5,,,,,False,3.0,,,,,,,,,,,,,,,,,,,,,,,,,,,,,,
145,typst-go,hiifong/typst-go,coding,['api'],,https://github.com/hiifong/typst-go,https://github.com/hiifong/typst-go,,2025-10-16 03:02:49,2025-10-27 12:43:09.000,2025-10-27 12:42:32,5.0,5.0,,,,,,4.0,2025-10-19 16:42:09.000,0.1.0,,,1.0,Go bindings for Typst.,,,,5,,,,,True,3.0,,,,,,,,,,,,,,,,,,,github.com/hiifong/typst-go,https://pkg.go.dev/github.com/hiifong/typst-go,,,,,,,,,,
146,typst-community/setup-hayagriva,typst-community/setup-hayagriva,ref,,,https://github.com/typst-community/setup-hayagriva,https://github.com/typst-community/setup-hayagriva,MIT,2024-01-29 22:23:22,2024-02-06 18:04:05.000,2024-02-06 18:04:04,25.0,,,1.0,2.0,,1.0,2.0,2024-02-06 18:02:52.000,1.0.2,,,3.0,üè∑Ô∏è Installs the Hayagriva CLI for GitHub Actions.,,,,5,,,,,False,2.0,,,,,,,,,,,,,,,,,,,,,,,,,,,,,,
147,typst-docs-l10n,typst-doc-cn/docs,docs-infra,"['runnable', 'api']",,https://github.com/typst-doc-cn/docs,https://github.com/typst-doc-cn/docs,Apache-2.0,2025-03-14 14:42:25,2025-08-29 22:29:14.000,2025-08-29 22:15:26,52.0,29.0,1.0,,17.0,7.0,13.0,1.0,,,,,,Localization for `typst-docs`.,,,2.0,5,,,,,True,2.0,,,,,,,,,,,,,,,,,,,,,,,,,,,,,,
148,citationberg.js,jcbhmr/citationberg.js,ref,['api'],,https://github.com/jcbhmr/citationberg.js,http://tsdocs.dev/docs/citationberg,MIT,2024-01-04 05:20:03,2024-01-16 02:18:02.000,2024-01-16 02:18:00,9.0,,,1.0,,1.0,,,2024-01-13 03:44:30.117,0.0.1,,3.0,1.0,ü¶Ä citationberg Rust crate for JavaScript.,,,,5,,,,,False,2.0,,,,,,,,citationberg,https://www.npmjs.com/package/citationberg,2024-01-13 03:44:30.117,,3.0,,,,,,,,,,,,,,,,,,
149,daktilo,,coding,['api'],,,https://codeberg.org/sbinet/daktilo,BSD-3-Clause,2025-10-13 16:57:59,2025-11-06 15:35:26.000,,,,0.0,1.0,,,,,2025-10-25 09:14:56.000,v0.4.0,,,6.0,A simple-minded Cgo interface to Typst with extra Go tools for Typst.,,,,5,,,,,True,3.0,,,,,,,,,,,,,,,,,,,codeberg.org/sbinet/daktilo,https://pkg.go.dev/codeberg.org/sbinet/daktilo,2025-11-06 14:30:07,,,,,,,sbinet/daktilo,https://codeberg.org/sbinet/daktilo,
150,Typesetter,,writing,['app'],,,https://typesetter.trowell.net,GPL-3.0,2025-08-27 08:40:54,2025-11-19 00:25:08.000,,,,4.0,2.0,,10.0,,51.0,,,,,,"A minimalist, local-first Typst editor.",,,,4,,,,,True,3.0,,,,,,,,,,,,,,,,,,,,,,,,,,,,haydn/typesetter,https://codeberg.org/haydn/typesetter,
151,typst-pandoc,lvignoli/typst-pandoc,convert,['extension'],,https://github.com/lvignoli/typst-pandoc,https://github.com/lvignoli/typst-pandoc,MIT,2023-02-22 22:32:18,2023-08-08 12:16:25.000,2023-04-04 20:12:45,6.0,,2.0,3.0,2.0,1.0,1.0,46.0,,,,,,Typst custom reader and writer for Pandoc.,,,1.0,4,,,,,False,3.0,,,,,,,,,,,,,,,,,,,,,,,,,,,,,,
152,Typstify,iXORTech/Typstify,writing,['app'],,https://github.com/iXORTech/Typstify,https://github.com/iXORTech/Typstify,AGPL-3.0,2024-07-27 16:45:32,2025-10-22 17:18:11.000,2025-10-22 17:18:09,51.0,1.0,2.0,1.0,3.0,3.0,4.0,33.0,,,,,,A Typst Editor for iPad.,,,2.0,4,,,,,True,3.0,,,,,,,,,,,,,,,,,,,,,,,,,,,,,,
153,syntastica-typst,RubixDev/syntastica-typst,misc,['typst-package'],,https://github.com/RubixDev/syntastica-typst,https://github.com/RubixDev/syntastica-typst,GPL-3.0,2023-09-22 08:38:42,2025-02-19 20:19:52.000,2025-02-19 20:19:11,4.0,,,1.0,,,,31.0,,,,,,Tree-sitter syntax highlighting for code blocks in Typst.,,,,4,,,,,False,3.0,,,,,,,,,,,,,,,,,,,,,,,,,,,,,,
154,Webapp for converting BibTeX to Hayagriva,JonasLoos/bibtex-to-hayagriva-webapp,ref,['web'],,https://github.com/JonasLoos/bibtex-to-hayagriva-webapp,https://jonasloos.github.io/bibtex-to-hayagriva-webapp/,MIT,2023-11-01 13:41:47,2025-06-11 11:09:03.000,2025-06-11 11:08:57,20.0,,,1.0,2.0,1.0,4.0,25.0,,,,,,A webapp to convert from Bibtex to Hayagriva.,,,2.0,4,,,,,True,3.0,,,,,,,,,,,,,,,,,,,,,,,,,,,,,,
155,typst-mutilate,frozolotl/typst-mutilate,misc,['runnable'],,https://github.com/frozolotl/typst-mutilate,https://github.com/frozolotl/typst-mutilate,EUPL-1.2,2023-07-21 19:33:27,2024-09-20 14:43:57.000,2024-09-20 14:43:57,12.0,,1.0,1.0,1.0,2.0,,21.0,,,,,,A tool to replace words in a typst document with random garbage.,,,2.0,4,,,,,False,3.0,,,,,,,,,,,,,,,,,,,,,,,,,,,,,,
156,Typic,detypstify/typic,math,['web'],,https://github.com/detypstify/typic,http://jachymp.me/typic/,,2024-01-03 21:29:46,2025-07-27 01:52:03.000,2024-08-06 00:11:56,175.0,,,1.0,44.0,13.0,11.0,16.0,,,,,,Using OCR to convert images of formulas into Typst code.,,,5.0,4,,,,,False,3.0,,,,,,,,,,,,,,,,,,,,,,,,,,,,,,
157,Typst MdBook Docs,JL710/typst-mdbook-docs,docs-infra,['runnable'],,https://github.com/JL710/typst-mdbook-docs,https://github.com/JL710/typst-mdbook-docs,MIT,2025-02-25 15:34:56,2025-02-26 06:17:24.000,2025-02-26 06:17:24,7.0,,1.0,1.0,,1.0,,10.0,,,,,,This tool generates Typst documentation in Markdown and builds an MdBook from it.,,,,4,,,,,False,2.0,,,,,,,,,,,,,,,,,,,,,,,,,,,,,,
158,ParaN3xus/typst-snippets,ParaN3xus/typst-snippets,misc,,,https://github.com/ParaN3xus/typst-snippets,https://github.com/ParaN3xus/typst-snippets,MIT,2025-02-22 11:03:54,2025-03-29 15:54:39.000,2025-03-29 15:54:33,29.0,,,1.0,,,,8.0,,,,,,ParaN3xuss Typst Snippets.,,,2.0,4,,,,,True,3.0,,,,,,,,,,,,,,,,,,,,,,,,,,,,,,
159,MixTex-OCR-WebRebuild,e-zz/MixTex-OCR-WebRebuild,math,['runnable'],,https://github.com/e-zz/MixTex-OCR-WebRebuild,https://github.com/e-zz/MixTex-OCR-WebRebuild,AGPL-3.0,2025-09-11 13:14:26,2025-09-23 23:18:57.000,2025-09-23 23:18:50,22.0,19.0,,,,,2.0,6.0,,,,,,ÊñáÊú¨+ÂÖ¨ÂºèÊ∑∑ÂêàËØÜÂà´Ê®°Âûã MixTeX-Latex-OCR ÁöÑÁΩëÁ´ôÈáçÊûÑÁâàÔºåÊîØÊåÅ Typst ËΩ¨Êç¢ / Rebuilt web GUI of the mixed text and formula recognition model..,,,2.0,4,,,,,True,3.0,,,,,,,,,,,,,,,,,,,,,,,,,,,,,,
160,Engage-Press/typst-docs,Engage-Press/typst-docs,docs-infra,['runnable'],,https://github.com/Engage-Press/typst-docs,https://github.com/Engage-Press/typst-docs,Apache-2.0,2025-08-02 16:14:17,2025-08-19 15:54:20.000,2025-08-19 15:53:51,3.0,,1.0,,1.0,,,5.0,,,,,,Tool to build a local mirror of the typst documentation.,,,,4,,,,,True,2.0,,,,,,,,,,,,,,,,,,,,,,,,,,,,,,
161,TypsTeX,admk/typstex,mix,['api'],,https://github.com/admk/typstex,https://github.com/admk/typstex,MIT,2024-12-21 06:43:42,2025-01-22 14:27:37.000,2025-01-22 14:27:36,7.0,,,1.0,,,,5.0,,,,,,Embed Typst in LaTeX.,,,,4,,,,,False,3.0,,,,,,,,,,,,,,,,,,,,,,,,,,,,,,
162,YDX-2147483647/faq-bot,YDX-2147483647/faq-bot,coding,['non-english'],,https://github.com/YDX-2147483647/faq-bot,https://bithesis.bitnp.net/guide/ask-computer.html,MIT,2025-05-24 14:44:00,2025-11-04 06:09:41.000,2025-09-17 06:06:17,65.0,2.0,1.0,,3.0,1.0,1.0,3.0,,,,,,BIThesis ‰∫§ÊµÅÁæ§Âíå Typst ÈùûÂÆòÊñπ‰∏≠Êñá‰∫§ÊµÅÁæ§ÁöÑÊú∫Âô®‰∫∫„ÄÇ.,,,2.0,4,,,,,True,3.0,,,,,,,,,,,,,,,,,,,,,,,,,,,,,,
163,Typstd,daskol/typstd,writing,['extension'],,https://github.com/daskol/typstd,https://github.com/daskol/typstd,Apache-2.0,2024-01-01 00:33:49,2024-08-24 21:35:36.000,2024-08-24 21:29:16,23.0,,,1.0,,,,2.0,,,,,,A plain and simple language server for Typst markup language.,,,,4,,,,,False,3.0,,,,,,,,,,,,,,,,,,,,,,,,,,,,,,
164,pandoc typst setup template,terefang/pandoc-typst-setup-template,convert,['runnable'],,https://github.com/terefang/pandoc-typst-setup-template,https://github.com/terefang/pandoc-typst-setup-template,,2025-06-07 22:47:32,2025-11-06 06:26:20.000,2025-11-06 06:25:58,32.0,11.0,,,,,,1.0,,,,,,a template to setup a pandoc and typst project for pdf publication.,,,,4,,,,,True,3.0,,,,,,,,,,,,,,,,,,,,,,,,,,,,,,
165,Snippyst,Snippyst/frontend,docs,['web'],,https://github.com/Snippyst/frontend,https://snippyst.com,AGPL-3.0,2025-10-25 07:16:11,2025-11-19 19:59:30.000,2025-11-19 19:56:53,48.0,48.0,,1.0,,,1.0,1.0,,,,,,"An online, free, open-source snippet sharing platform for typst snippets.",,,,4,,,,,True,3.0,,,,,,,,,,,,,,,,,,,,,,,,,,,,,,
166,Serifian,kwangkim/Serifian,writing,['app'],,https://github.com/kwangkim/Serifian,https://github.com/kwangkim/Serifian,,2024-11-29 19:05:22,2024-12-02 15:21:54.000,2024-12-02 14:50:49,118.0,,,,,,,,,,,,,A Typst client for iPadOS.,,,3.0,4,,,,,False,3.0,,,,,,,,,,,,,,,,,,,,,,,,,,,,,,
167,Typst Basic VS Code Extension,clysto/typst-vscode,writing,['extension'],,https://github.com/clysto/typst-vscode,https://github.com/clysto/typst-vscode,MIT,2025-02-26 16:51:36,2025-11-16 07:32:50.000,2025-11-16 07:32:42,28.0,9.0,,1.0,,2.0,2.0,,,,,,,,,,,4,,,,,True,3.0,,,,,,,,,,,,,,,,,,,,,,,,,,,,,,
168,al-kot/typst-preview.nvim,al-kot/typst-preview.nvim,writing,['extension'],,https://github.com/al-kot/typst-preview.nvim,https://github.com/al-kot/typst-preview.nvim,GPL-3.0,2025-08-17 19:19:57,2025-09-02 12:53:04.000,2025-09-02 12:52:09,29.0,2.0,2.0,,,,1.0,40.0,,,,,,Live typst preview directly in neovim.,,,2.0,3,,,,,True,3.0,,,,,,,-2.0,,,,,,,,,,,,,,,,,,,,,,,
169,leetcode.typ,lucifer1004/leetcode.typ,misc,,,https://github.com/lucifer1004/leetcode.typ,https://github.com/lucifer1004/leetcode.typ,,2023-04-19 14:46:52,2023-12-15 02:45:11.000,2023-07-15 14:48:29,23.0,,2.0,1.0,3.0,,,24.0,,,,,,Solving Leetcode problems in Typst.,,,2.0,3,,,,,False,3.0,,,,,,,,,,,,,,,,,,,,,,,,,,,,,,
170,inktyp,herlev/inktyp,mix,"['extension', 'runnable']",,https://github.com/herlev/inktyp,https://github.com/herlev/inktyp,,2023-04-09 02:11:41,2024-05-19 22:52:22.000,2024-05-19 22:52:19,12.0,,,1.0,,1.0,,23.0,,,,,,Insert and edit Typst equations in Inkscape.,,,,3,,,,,False,3.0,,,,,,,,,,,,,,,,,,,,,,,,,,,,,,
171,inkscape2cetz,PhosCity/inkscape2cetz,convert,['extension'],,https://github.com/PhosCity/inkscape2cetz,https://github.com/PhosCity/inkscape2cetz,GPL-3.0,2025-01-11 15:30:29,2025-01-17 02:57:02.000,2025-01-17 02:56:41,12.0,,,1.0,,,,18.0,,,,,,Inkscape extension to export selected objects to cetz (Typst) format.,,,,3,,,,,False,3.0,,,,,,,,,,,,,,,,,,,,,,,,,,,,,,
172,TypstBench,rkstgr/TypstBench,misc,['runnable'],,https://github.com/rkstgr/TypstBench,https://github.com/rkstgr/TypstBench,,2025-05-11 15:01:07,2025-05-26 09:13:22.000,2025-05-26 09:13:20,44.0,,,1.0,,2.0,,17.0,,,,,,Benchmarking LLMs on Typst.,,,,3,,,,,True,3.0,,,,,,,,,,,,,,,,,,,,,,,,,,,,,,
173,ParaN3xus/tex2typ,ParaN3xus/tex2typ,math,['web'],,https://github.com/ParaN3xus/tex2typ,https://paran3xus.github.io/tex2typ/,MIT,2024-07-07 08:20:57,2025-01-22 08:08:30.000,2025-01-18 17:19:54,143.0,,1.0,1.0,2.0,,1.0,13.0,,,,,,LaTeX math equations to Typst equations conversion.,,,2.0,3,,,,,False,3.0,,,,,,,,,,,,,,,,,,,,,,,,,,,,,,
174,Typst cheat sheet,mewmew/cheat-sheet-typ,docs,,,https://github.com/mewmew/typst-cheat-sheet,https://github.com/mewmew/typst-cheat-sheet/raw/master/cheat-sheet.pdf,0BSD,2025-09-02 10:36:29,2025-10-08 20:17:17.000,2025-10-08 20:17:11,16.0,16.0,,1.0,,,1.0,11.0,,,,,,Typst cheat sheet.,,,,3,,,,,True,3.0,,,,,,,,,,,,,,,,,,,,,,,,,,,,,,mewmew/typst-cheat-sheet
175,mathyml,,math,['typst-package'],,,https://codeberg.org/akida/mathyml,MIT,2025-02-28 19:10:26,2025-07-28 08:06:00.000,,,,0.0,1.0,,,,5.0,,,,,,Convert your equations to MathML.,,,,3,,,,,True,3.0,,,,,,,,,,,,,,,,,,,,,,,,,,,,akida/mathyml,https://codeberg.org/akida/mathyml,
176,php-typst,aszenz/php-typst,coding,['api'],,https://github.com/aszenz/php-typst,https://github.com/aszenz/php-typst,MIT,2025-02-02 21:10:42,2025-08-18 21:23:20.000,2025-08-18 21:23:13,10.0,,,1.0,1.0,1.0,,5.0,,,,,,PHP extension for compiling Typst documents.,,,2.0,3,,,,,True,3.0,,,,,,,,,,,,,,,,,,,,,,,,,,,,,,
177,Liliut,Myriad-Dreamin/liliut,misc,['api'],,https://github.com/Myriad-Dreamin/liliut,https://github.com/Myriad-Dreamin/liliut,Apache-2.0,2025-07-02 05:52:43,2025-07-03 03:27:56.000,2025-07-03 03:27:53,7.0,,,,,,,4.0,,,,,,Liliut (Lilium-Typst) is a Visual Novel Engine powered by Astro and Typst. Liliut (Lilium-Typst) ÊòØ‰∏ÄÊ¨æÂü∫‰∫é Astro Âíå Typst..,,,2.0,3,,,,,True,3.0,,,,,,,,,,,,,,,,,,,,,,,,,,,,,,
178,jcbhmr/typst-docs,jcbhmr/typst-docs,docs-infra,"['web', 'multilingual']",,https://github.com/jcbhmr/typst-docs,https://jcbhmr.me/typst-docs,MIT,2024-01-30 16:12:33,2024-04-03 17:34:18.000,2024-04-02 17:37:57,129.0,,,1.0,2.0,,,2.0,,,,,,üìó Typst documentation in more languages.,,,2.0,3,,,,,False,3.0,,,,,,,,,,,,,,,,,,,,,,,,,,,,,,
179,typst-ansi-web,pgbiel/typst-ansi-web,mix,"['web', 'app']",,https://github.com/PgBiel/typst-ansi-web,https://pgbiel.github.io/typst-ansi-web/,Apache-2.0,2025-07-23 02:51:13,2025-07-23 03:41:01.000,2025-07-23 03:40:50,54.0,,,,,2.0,,2.0,,,,,,Website to highlight Typst code with ANSI colors.,,,2.0,3,,,,,True,3.0,,,,,,,,,,,,,,,,,,,,,,,,,,,,,,
180,Typst-Automatic-Translation,Yourouchour/Typst-Automatic-Translation,docs-infra,"['extension', 'multilingual']",,https://github.com/Yourouchour/Typst-Automatic-Translation,https://github.com/Yourouchour/Typst-Automatic-Translation,MIT,2025-08-13 09:34:51,2025-08-15 04:01:09.000,2025-08-15 04:01:08,29.0,,1.0,,7.0,,,1.0,,,,,,Translate English on the typst.app into other languages.,,,2.0,3,,,,,True,3.0,,,,,,,,,,,,,,,,,,,,,,,,,,,,,,
181,typstscript,ChaseRensberger/typstscript,misc,['cli'],,https://github.com/ChaseRensberger/typstscript,https://github.com/ChaseRensberger/typstscript,,2025-03-06 19:16:56,2025-07-22 21:04:35.000,2025-07-22 21:04:33,7.0,,,1.0,,1.0,,1.0,2025-07-22 20:57:30.000,0.1.0,46.0,11.0,1.0,A CLI tool for creating Typst screenplay projects.,,,,3,,,,,True,3.0,,,,,,,,,,,,,,,,,,,,,,,,,,,,,,
182,typeset.live,arashatt/typsy,writing,['web'],,https://github.com/arashatt/typsy,https://typeset.live,,2025-08-09 23:51:13,2025-11-17 06:01:47.000,2025-11-17 06:01:32,53.0,19.0,,,4.0,1.0,,1.0,,,,,,typst in browser.,,,2.0,3,,,,,True,3.0,,,,,,,,,,,,,,,,,,,,,,,,,,,,,,
183,GitHub info on Typst Universe,,docs,['extension'],,,https://greasyfork.org/scripts/541162-github-info-on-typst-universe,MIT License,2025-06-30 03:10:36,2025-06-30 16:44:13.000,,,,,,,,,,,,,,,Display information about the GitHub repository on typst.app/universe.,,,,3,,,,,True,3.0,,,,,,,,,,,,,541162.0,https://greasyfork.org/scripts/541162,https://update.greasyfork.org/scripts/541162/GitHub%20info%20on%20Typst%20Universe.user.js,1.0,5.0,,,,,,,,,,,,,
184,typacker,vanleefxp/typacker,pkg,['runnable'],,https://github.com/vanleefxp/typacker,https://github.com/vanleefxp/typacker,MIT,2025-10-17 12:53:56,2025-10-18 02:39:47.000,2025-10-18 02:39:39,2.0,2.0,,,,,,,,,,,,A helper script for Typst package development.,,,,3,,,,,True,3.0,,,,,,,,,,,,,,,,,,,,,,,,,,,,,,
185,Typst CLI Docs,Ayanprogrammer11/typst-cli-docs,docs,['web'],,https://github.com/Ayanprogrammer11/typst-cli-docs,https://typst-cli-docs.vercel.app,,2025-11-07 20:35:14,2025-11-10 15:41:39.000,2025-11-10 15:41:39,5.0,5.0,,,,,,,,,,,,"A lightweight, static documentation site for the Typst command-line tooling.",,,,3,,,,,True,3.0,,,,,,,,,,,,,,,,,,,,,,,,,,,,,,
186,Excel to Typst Converter,hongjr03/excel-to-typst,convert,['web'],,https://github.com/hongjr03/excel-to-typst,https://hongjr03.github.io/excel-to-typst/paste,,2024-12-05 11:54:48,2025-02-18 15:10:40.000,2025-02-18 15:10:36,19.0,,1.0,1.0,,,,27.0,,,,,,Tool that convert Excel table to Typst table.,,,2.0,2,,,,,False,3.0,,,,,,,,,,,,,,,,,,,,,,,,,,,,,,
187,Typst Sync,OrangeX4/vscode-typst-sync,pkg,['extension'],,https://github.com/OrangeX4/vscode-typst-sync,https://marketplace.visualstudio.com/items?itemName=OrangeX4.vscode-typst-sync,MIT,2023-10-10 07:28:42,2023-11-30 06:09:36.000,2023-11-30 06:09:26,11.0,,,1.0,,,1.0,18.0,,,,,,A vscode extension for Typst local packages management and synchronization.,,,2.0,2,,,,,False,3.0,,,,,,,,,,,,,,,,,,,,,,,,,,,,,,
188,Prism-Typst,Mc-Zen/prism-typst,mix,['extension'],,https://github.com/Mc-Zen/prism-typst,https://mc-zen.github.io/prism-typst/,MIT,2024-10-07 14:52:07,2025-08-13 18:12:02.000,2025-08-13 18:11:57,16.0,,1.0,1.0,2.0,,1.0,7.0,,,,,,Syntax-highlighting Typst code with Prism.,,,2.0,2,,,,,True,3.0,,,,,,,,,,,,,,,,,,,,,,,,,,,,,,
189,TyKo,LDemetrios/TyKo,coding,"['api', 'multilingual']",,https://github.com/LDemetrios/TyKo,https://github.com/LDemetrios/TyKo,,2024-02-19 19:31:50,2025-03-31 13:55:39.000,2025-03-31 13:55:34,61.0,,,1.0,,,1.0,4.0,,,,,,Kotlin bindings for Typst.,,,,2,,,,,True,3.0,,,,,,,,,,,,,,,,,,,,,,,,,,,,,,
190,cslper,csimide/cslper,ref,"['runnable', 'non-english']",,https://github.com/csimide/cslper,https://github.com/csimide/cslper,,2024-03-30 16:41:19,2024-05-06 10:01:54.000,2024-05-06 10:01:44,4.0,,,1.0,,,,3.0,,,,,,Ëá™Áî®ÁöÑ Typst ÂºïÁî®ÊñáÁåÆÂ§ÑÁêÜËÑöÊú¨ÔºàÁî®‰∫éÂ§ÑÁêÜ `et al.` Âíå `Á≠â`Ôºâ.,,,,2,,,,,False,3.0,,,,,,,,,,,,,,,,,,,,,,,,,,,,,,
191,Typst To Tex (ttt),,convert,['runnable'],,,https://gitlab.com/TheZoq2/ttt,,2025-03-10 22:04:02,2025-06-08 10:39:08.000,,,,0.0,,,,,3.0,,,,,0.0,"It compiles a typst document to a latex document doing most of the heavy lifting, and allows you to do the final..",,,,2,,,,,True,3.0,,,,,,,,,,,,,,,,,,,,,,,,,,TheZoq2/ttt,https://gitlab.com/TheZoq2/ttt,,,
192,Hayagen form UI,SabrinaJewson/hayagen,ref,['web'],,https://github.com/SabrinaJewson/hayagen,https://sabrinajewson.org/hayagen/,,2025-05-05 21:49:58,2025-05-27 17:40:38.000,2025-05-27 17:40:10,28.0,,1.0,1.0,3.0,,2.0,3.0,,,,,,hayagriva bibliography generator web ui.,,,3.0,2,,,,,True,3.0,,,,,,,,,,,,,,,,,,,,,,,,,,,,,,
193,Manual de Typst en espa√±ol,ToniGL68/ayuda-typst,docs,['non-english'],,https://github.com/ToniGL68/ayuda-typst,https://forum.typst.app/t/help-in-spanish-to-start-using-typst-pequeno-manual-de-ayuda-en-espanol-para-empezar-en-typst/2252/4,,2025-01-04 18:10:42,2025-01-24 10:28:07.000,2025-01-24 10:27:55,24.0,,,2.0,,,,2.0,,,,,,Help in Spanish to start using typst (Peque√±o manual de ayuda en espa√±ol para empezar en typst).,,,,2,,,,,False,3.0,,,,,,,,,,,,,,,,,,,,,,,,,,,,,,
194,typst-notebook,freundTech/typst-notebook,mix,['runnable'],,https://github.com/freundTech/typst-notebook,https://github.com/freundTech/typst-notebook,,2023-08-27 21:31:31,2023-08-30 14:18:25.000,2023-08-30 14:18:08,2.0,,,2.0,,1.0,,9.0,,,,,,Proof of concept for running jupyter kernels in typst documents.,,,,1,,,,,False,3.0,,,,,,,,,,,,,,,,,,,,,,,,,,,,,,
195,Typst Companion,CFiggers/typst-companion,writing,['extension'],,https://github.com/CFiggers/typst-companion,https://github.com/CFiggers/typst-companion,,2023-09-02 02:38:43,2024-06-13 23:53:18.000,2024-06-13 23:52:54,14.0,,2.0,1.0,1.0,5.0,2.0,9.0,2024-06-13 23:55:10.000,0.0.5,29.0,1.0,5.0,A VS Code extension that adds Markdown-like editing niceties for typst (.typ) files.,,,2.0,1,,,,,False,3.0,,,,,,,,,,,,,,,,,,,,,,,,,,,,,,
196,Shell Escape for Typst,elteammate/typst-shell-escape,mix,['typst-package'],,https://github.com/elteammate/typst-shell-escape,https://github.com/elteammate/typst-shell-escape,,2023-06-05 10:52:24,2023-10-26 18:01:56.000,2023-10-26 18:01:53,2.0,,1.0,2.0,,,,7.0,,,,,,Shell Escape for Typst typesetting system. Linux Only.,,,,1,,,,,False,3.0,,,,,,,,,,,,,,,,,,,,,,,,,,,,,,
197,FujishigeTemma/typst-mcp,FujishigeTemma/typst-mcp,docs,['runnable'],,https://github.com/FujishigeTemma/typst-mcp,https://github.com/FujishigeTemma/typst-mcp,,2025-06-14 02:39:06,2025-06-15 18:19:27.000,2025-06-15 18:19:21,4.0,,,,,,,4.0,,,,,,,,,,1,,,,,True,3.0,,,,,,,,,,,,,,,,,,,,,,,,,,,,,,
198,gitlab-ci-typst,,coding,,,,https://gitlab.com/IvanSanchez/gitlab-ci-typst,,2023-05-03 08:52:02,2023-12-14 10:20:21.000,,,,1.0,,,,,3.0,,,,,0.0,,,,,1,,,,,False,3.0,,,,,,,,,,,,,,,,,,,,,,,,,,IvanSanchez/gitlab-ci-typst,https://gitlab.com/IvanSanchez/gitlab-ci-typst,,,
199,typst-gh-action,thehydrogen/typst-gh-action,coding,,,https://github.com/thehydrogen/typst-gh-action,https://github.com/thehydrogen/typst-gh-action,,2023-06-26 23:32:58,2023-06-28 20:04:40.000,2023-06-28 20:04:40,2.0,,,1.0,,,,3.0,,,,,,github workflow for automatically building your typst files.,,,,1,,,,,False,3.0,,,,,,,,,,,,,,,,,,,,,,,,,,,,,,
200,Typer,rkstgr/Typer,docs,,,https://github.com/rkstgr/Typer,https://huggingface.co/rkstgr/typer-1.5b-base-gguf,,2025-06-11 11:54:59,2025-06-12 11:41:26.000,2025-06-12 11:41:19,8.0,,,,,,,2.0,,,,,,"Typer is the first LLM trained specifically for Typst, a performant modern typesetting system for generating PDF..",,,,1,,,,,True,3.0,,,,,,,,,,,,,,,,,,,,,,,,,,,,,,
201,Typst Studio,,writing,['app'],,,https://gitlab.com/gnoooo/typst_studio,,2025-06-16 10:56:15,2025-08-29 17:47:48.000,,,,0.0,,,28.0,22.0,2.0,,,,,10.0,,,,,1,,,,,True,3.0,,,,,,,,,,,,,,,,,,,,,,,,,,gnoooo/typst_studio,https://gitlab.com/gnoooo/typst_studio,,,
202,Typst rules based on ast-grep,YDX-2147483647/ast-grep-typst,coding,"['web', 'cli']",,https://github.com/YDX-2147483647/ast-grep-typst,https://forum.typst.app/t/adding-typst-support-to-ast-grep/5161,,2025-07-22 04:05:38,2025-07-22 05:39:28.000,2025-07-22 05:39:15,9.0,,,,,,,1.0,,,,,,Typst rules based on ast-grep.,,,,1,,,,,True,3.0,,,,,,,,,,,,,,,,,,,,,,,,,,,,,,
203,typst-set-font,YDX-2147483647/typst-set-font,docs,"['web', 'non-english']",,https://github.com/YDX-2147483647/typst-set-font,https://ydx-2147483647.github.io/typst-set-font/,,2025-07-12 16:00:16,2025-11-05 14:11:19.000,2025-11-05 12:14:52,57.0,9.0,,1.0,3.0,2.0,,1.0,,,,,,Setting Chinese font in Typst. ËÆæÁΩÆ Typst ‰∏≠ÊñáÂ≠ó‰Ωì„ÄÇ.,,,2.0,1,,,,,True,3.0,,,,,,,,,,,,,,,,,,,,,,,,,,,,,,
204,Its-Just-Nans/typst.github.io,Its-Just-Nans/typst.github.io,docs-infra,"['web', 'multilingual']",,https://github.com/Its-Just-Nans/typst.github.io,https://typst-github-io.n4n5.dev/,,2025-08-14 01:03:36,2025-08-15 18:24:08.000,2025-08-15 18:24:05,7.0,,,1.0,,,,,,,,,,PoC - Generate typst docs.,,,,1,,,,,True,3.0,,,,,,,,,,,,,,,,,,,,,,,,,,,,,,
205,bxbibwrite,,ref,"['typst-package', 'non-english']",,,https://gist.github.com/zr-tex8r/444ba5e27b3deff157b4ed7f62a0fe1a,,,,,,,,,,,,,,,,,,TypstÔºöÊñáÁåÆ„É™„Çπ„Éà„ÇíÁõ¥Êõ∏„Åç„Åô„Çã„ÇÑ„Å§.,,,,1,,,,,True,3.0,,,,,,,,,,,,,,,,,,,,,,,,,,,,,,
206,discourse-typst,Heinenen/discourse-typst,coding,['extension'],,https://github.com/Heinenen/discourse-typst,https://github.com/Heinenen/discourse-typst,,2024-03-23 10:37:24,2025-06-13 00:04:00.000,2025-06-13 00:03:53,30.0,,,1.0,,,,2.0,,,,,,,,,2.0,0,,,,,True,,,,,,,,,,,,,,,,,,,,,,,,,,,,,,,
207,typst_cxx,,coding,['api'],,,https://gitlab.com/typst_cxx/typst_cxx,,2023-05-10 21:03:10,2024-11-17 20:20:07.000,,,,0.0,,,,,2.0,,,,,0.0,,,,,0,,,,,False,,,,,,,,,,,,,,,,,,,,,,,,,,,typst_cxx/typst_cxx,https://gitlab.com/typst_cxx/typst_cxx,,,
208,typstfun,lvjr/typstfun,docs,,,https://github.com/lvjr/typstfun,https://www.ctan.org/pkg/typstfun,,2024-02-18 07:01:46,2024-03-11 13:49:27.000,2024-02-20 13:07:29,2.0,,1.0,1.0,1.0,,,1.0,,,,,,List of equivalent Typst function names of LaTeX commands.,,,,0,,,,,False,,,,,,,,,,,,,,,,,,,,,,,,,,,,,,,
